variant,mut_label,n_mut,fitness,log_fitness
AAGV,V39A + D40A,2,0.274083334811,-0.5465542425597398
ACGV,V39A + D40C,2,0.24916666801,-0.5864208547697175
ADDV,V39A + G41D,2,0.0,-2.0
ADFV,V39A + G41F,2,0.109633333924,-0.9221477942421767
ADGA,V39A + V54A,2,0.120596667317,-0.8840679056360158
ADGC,V39A + V54C,2,0.356308335254,-0.4361531989613585
ADGE,V39A + V54E,2,0.0171302084257,-1.5665468697922669
ADGF,V39A + V54F,2,0.386941178557,-0.4012738451784372
ADGG,V39A + V54G,2,0.0228402779009,-1.4835931764516002
ADGH,V39A + V54H,2,0.0328900001773,-1.367643951965627
ADGM,V39A + V54M,2,0.25124305691,-0.5829552430272766
ADGP,V39A + V54P,2,0.00622916670025,-1.7897037788043286
ADGQ,V39A + V54Q,2,0.0,-2.0
ADGR,V39A + V54R,2,0.0,-2.0
ADGS,V39A + V54S,2,0.0401097563138,-1.300077709247731
ADGT,V39A + V54T,2,0.0243629630943,-1.4639093943163504
ADGV,V39A,1,0.0619096557142,-1.1432127905372007
ADGY,V39A + V54Y,2,0.0,-2.0
ADNV,V39A + G41N,2,0.0274083334811,-1.4270316389304651
ADPV,V39A + G41P,2,0.0,-2.0
ADRV,V39A + G41R,2,0.0,-2.0
ADVV,V39A + G41V,2,0.0,-2.0
AEGV,V39A + D40E,2,0.0161225491065,-1.5829844457403812
AFGV,V39A + D40F,2,0.982388582076,-0.003318241145006124
AGGV,V39A + D40G,2,0.042166666894,-1.2826069109446148
AHGV,V39A + D40H,2,0.60037301911,-0.21440467215445905
AKGV,V39A + D40K,2,0.103226191033,-0.946053102251637
ALGV,V39A + D40L,2,0.0685208337028,-1.1050150978824822
AMGV,V39A + D40M,2,0.0875543986202,-1.0107531439689648
ANGV,V39A + D40N,2,0.200006757835,-0.6777667298221355
APGV,V39A + D40P,2,0.00945114947625,-1.7110547287114568
AQGV,V39A + D40Q,2,0.0522063494878,-1.2061652840105266
ARGV,V39A + D40R,2,0.165200914133,-0.7564636321754613
ATGV,V39A + D40T,2,0.0761342596698,-1.0648240747234052
AVGV,V39A + D40V,2,0.141072304682,-0.8208151453646388
AWGV,V39A + D40W,2,0.657800003547,-0.17535358297490575
AYGV,V39A + D40Y,2,1.70408334252,0.23403193445799872
CDDV,V39C + G41D,2,0.00365444446415,-1.8647259645877474
CDEV,V39C + G41E,2,0.014128006949,-1.6174785507310792
CDFV,V39C + G41F,2,0.229746324768,-0.6202480416972835
CDGA,V39C + V54A,2,0.197766717633,-0.6824240212927948
CDGC,V39C + V54C,2,0.574303482478,-0.2333615252651703
CDGE,V39C + V54E,2,0.0116777360696,-1.663986075630865
CDGF,V39C + V54F,2,0.425703903004,-0.3608085496683132
CDGH,V39C + V54H,2,0.0284078696349,-1.415579781131258
CDGK,V39C + V54K,2,0.132341029737,-0.8466698966833291
CDGL,V39C + V54L,2,0.198017052159,-0.6819010623689153
CDGM,V39C + V54M,2,0.60859929801,-0.20859057717240712
CDGN,V39C + V54N,2,0.0597768758057,-1.156288479581511
CDGP,V39C + V54P,2,0.00835455592836,-1.7362561183894039
CDGQ,V39C + V54Q,2,0.0325183617573,-1.3714234772971696
CDGR,V39C + V54R,2,0.00626009602846,-1.7888768938891133
CDGT,V39C + V54T,2,0.161808233804,-0.7649560267099301
CDGV,V39C,1,0.242237277886,-0.5981907290880473
CDHV,V39C + G41H,2,0.0016814928516,-1.932501652447689
CDIV,V39C + G41I,2,0.0123879473361,-1.6499857233692057
CDKV,V39C + G41K,2,0.00206077695347,-1.9186247141083055
CDLV,V39C + G41L,2,0.0354873739287,-1.3421091350802514
CDMV,V39C + G41M,2,0.0215292045471,-1.5012869859651583
CDNV,V39C + G41N,2,0.0014128006949,-1.942607766880168
CDPV,V39C + G41P,2,0.00587321431738,-1.7993351199401062
CDSV,V39C + G41S,2,0.00723652369138,-1.7635503193631163
CDTV,V39C + G41T,2,0.00312642587237,-1.8818535096463713
CDVV,V39C + G41V,2,0.0145186262626,-1.610503866261515
CDYV,V39C + G41Y,2,0.0116631206303,-1.6642789819258714
CEGV,V39C + D40E,2,0.172117808468,-0.7396475844564301
CFGV,V39C + D40F,2,2.9257530725,0.4677195240776418
CGGV,V39C + D40G,2,0.163337485506,-0.7611075077536388
CHGV,V39C + D40H,2,2.1520900954,0.3348737872675288
CIGV,V39C + D40I,2,1.17241099352,0.0727684589422233
CKGV,V39C + D40K,2,0.504541738831,-0.2885793901751155
CLGV,V39C + D40L,2,0.319605527514,-0.482005513756779
CMGV,V39C + D40M,2,0.36663759526,-0.42407633169309095
CNGV,V39C + D40N,2,0.663846926041,-0.17143874845873427
CQGV,V39C + D40Q,2,0.401353335497,-0.3857849768260778
CSGV,V39C + D40S,2,1.00204197435,0.0051985252019556396
CTGV,V39C + D40T,2,0.479809370129,-0.30997291101123303
CVGV,V39C + D40V,2,1.30463211325,0.11880423682684466
CWGV,V39C + D40W,2,2.46026283378,0.3927431642667558
CYGV,V39C + D40Y,2,4.07312564853,0.6109927445136466
DAGV,V39D + D40A,2,0.0391547621159,-1.3084344013217222
DCGV,V39D + D40C,2,0.0649144740342,-1.1254342652658942
DDAV,V39D + G41A,2,0.0,-2.0
DDCV,V39D + G41C,2,0.0,-2.0
DDDV,V39D + G41D,2,0.0,-2.0
DDEV,V39D + G41E,2,0.0,-2.0
DDFV,V39D + G41F,2,0.0124583334005,-1.6486224752260126
DDGC,V39D + V54C,2,0.0161225491065,-1.5829844457403812
DDGE,V39D + V54E,2,0.0109633333924,-1.6785396587674388
DDGG,V39D + V54G,2,0.0,-2.0
DDGH,V39D + V54H,2,0.0195773810579,-1.5290402834309589
DDGI,V39D + V54I,2,0.021083333447,-1.5074724126507935
DDGK,V39D + V54K,2,0.0,-2.0
DDGL,V39D + V54L,2,0.0486690033777,-1.2315912891697545
DDGM,V39D + V54M,2,0.11991145898,-0.8863525398254029
DDGP,V39D + V54P,2,0.0,-2.0
DDGQ,V39D + V54Q,2,0.0074076576976,-1.759259661820211
DDGR,V39D + V54R,2,0.0,-2.0
DDGS,V39D + V54S,2,0.00934375005038,-1.7134593281686858
DDGT,V39D + V54T,2,0.00365444446415,-1.8647259645877474
DDGV,V39D,1,0.00647208961971,-1.783251303517293
DDGW,V39D + V54W,2,0.0105416667235,-1.6873643212327987
DDGY,V39D + V54Y,2,0.0,-2.0
DDHV,V39D + G41H,2,0.0,-2.0
DDIV,V39D + G41I,2,0.0,-2.0
DDLV,V39D + G41L,2,0.00571006947523,-1.803821894358989
DDMV,V39D + G41M,2,0.0,-2.0
DDNV,V39D + G41N,2,0.0,-2.0
DDPV,V39D + G41P,2,0.0,-2.0
DDRV,V39D + G41R,2,0.0,-2.0
DDTV,V39D + G41T,2,0.0,-2.0
DDVV,V39D + G41V,2,0.0,-2.0
DDWV,V39D + G41W,2,0.0,-2.0
DDYV,V39D + G41Y,2,0.0,-2.0
DEGV,V39D + D40E,2,0.0132620968457,-1.6333511405330758
DFGV,V39D + D40F,2,0.0509750676603,-1.2148477091039631
DHGV,V39D + D40H,2,0.23753889017,-0.6063565605307869
DIGV,V39D + D40I,2,0.0195773810579,-1.5290402834309589
DLGV,V39D + D40L,2,0.0101244503624,-1.6962759722190472
DMGV,V39D + D40M,2,0.00830555560034,-1.7374170851107782
DNGV,V39D + D40N,2,0.0218751957361,-1.4965471396765095
DPGV,V39D + D40P,2,0.00559353744512,-1.8070553525067368
DQGV,V39D + D40Q,2,0.00856510421285,-1.7313026085741718
DRGV,V39D + D40R,2,0.032942708511,-1.3671105669262076
DTGV,V39D + D40T,2,0.015226851934,-1.5981369418325955
DVGV,V39D + D40V,2,0.0446654323396,-1.2622872127845117
DWGV,V39D + D40W,2,0.0413710694055,-1.2892813933554101
DYGV,V39D + D40Y,2,0.216147020136,-0.6456091304341722
EAGV,V39E + D40A,2,0.517661610436,-0.2776445013928693
ECGV,V39E + D40C,2,0.532414753828,-0.2656685060529702
EDCV,V39E + G41C,2,0.0193263889931,-1.5327414091270797
EDDV,V39E + G41D,2,0.00369135804459,-1.863553472098298
EDEV,V39E + G41E,2,0.0,-2.0
EDFV,V39E + G41F,2,0.012601532635,-1.6458621098634523
EDGF,V39E + V54F,2,0.179983879263,-0.7212832487532223
EDGH,V39E + V54H,2,0.00651545169915,-1.782109543815397
EDGI,V39E + V54I,2,0.0708225671347,-1.0924673593533016
EDGK,V39E + V54K,2,0.00308826292745,-1.8831179891316674
EDGL,V39E + V54L,2,0.198273050714,-0.6813669215231009
EDGN,V39E + V54N,2,0.00672138968202,-1.77672763203139
EDGP,V39E + V54P,2,0.00306238362917,-1.8839775655924837
EDGQ,V39E + V54Q,2,0.00409079604196,-1.8510644712721203
EDGR,V39E + V54R,2,0.00355952382872,-1.8677555613679515
EDGS,V39E + V54S,2,0.0216489072205,-1.499641280790387
EDGT,V39E + V54T,2,0.0155491815685,-1.5926230073091987
EDGV,V39E,1,0.0327191845926,-1.3693770455467758
EDGY,V39E + V54Y,2,0.00532775380842,-1.8145214837680974
EDHV,V39E + G41H,2,0.00153979401579,-1.9378019432257088
EDLV,V39E + G41L,2,0.0235342361463,-1.4745115817111356
EDMV,V39E + G41M,2,0.00293660715869,-1.888179609715695
EDPV,V39E + G41P,2,0.00271369638427,-1.895728164166424
EDQV,V39E + G41Q,2,0.00772065731862,-1.751520172711105
EDRV,V39E + G41R,2,0.00273059362203,-1.8951513449118462
EDSV,V39E + G41S,2,0.00159042554049,-1.935900618696114
EDTV,V39E + G41T,2,0.00091057586316,-1.9621523266259033
EDVV,V39E + G41V,2,0.00416962476893,-1.848641650312937
EDWV,V39E + G41W,2,0.00363024284518,-1.865496406426361
EEGV,V39E + D40E,2,0.160586271057,-0.7680559241890748
EGGV,V39E + D40G,2,0.0544098642389,-1.191047616235468
EHGV,V39E + D40H,2,1.28148537925,0.11108949394178798
EIGV,V39E + D40I,2,0.313378436576,-0.49028894295862235
ELGV,V39E + D40L,2,0.0591504632819,-1.1602049059364674
EMGV,V39E + D40M,2,0.215351191637,-0.6471401410764506
ENGV,V39E + D40N,2,0.251534184438,-0.5824715376093259
EPGV,V39E + D40P,2,0.00836895678813,-1.7359155074951444
EQGV,V39E + D40Q,2,0.365444446415,-0.425454315384993
ESGV,V39E + D40S,2,0.710704461196,-0.1422427896280714
ETGV,V39E + D40T,2,0.234168286052,-0.6123107453339981
EVGV,V39E + D40V,2,0.534879653391,-0.2636994089888891
EWGV,V39E + D40W,2,0.620970055431,-0.19999125100890003
EYGV,V39E + D40Y,2,0.711228906788,-0.14192687511806074
FAGV,V39F + D40A,2,1.91858334368,0.28523841163255903
FCGV,V39F + D40C,2,1.15017113715,0.06452205684575782
FDAV,V39F + G41A,2,0.0194041298981,-1.5315916673432144
FDEV,V39F + G41E,2,0.0,-2.0
FDFV,V39F + G41F,2,0.424560459805,-0.36194979221179713
FDGA,V39F + V54A,2,1.73291398784,0.24127595536692523
FDGC,V39F + V54C,2,0.463106324336,-0.3250412464010893
FDGF,V39F + V54F,2,0.212318076262,-0.6530252242030339
FDGG,V39F + V54G,2,0.860054602338,-0.06045349134692331
FDGH,V39F + V54H,2,0.0156619048463,-1.5907111097096138
FDGI,V39F + V54I,2,0.044337010043,-1.2649042628182368
FDGK,V39F + V54K,2,0.0,-2.0
FDGM,V39F + V54M,2,0.408720762438,-0.37807550390768413
FDGN,V39F + V54N,2,0.112374167273,-0.9123102504490428
FDGP,V39F + V54P,2,0.036955056379,-1.328317633658627
FDGR,V39F + V54R,2,0.00375456623029,-1.8615531011493913
FDGS,V39F + V54S,2,1.52023341215,0.1847576804105536
FDGT,V39F + V54T,2,1.16306667294,0.06932269657166691
FDGV,V39F,1,0.377100728425,-0.41217601144864935
FDGW,V39F + V54W,2,0.0880982147607,-1.0083388960515667
FDIV,V39F + G41I,2,0.0,-2.0
FDKV,V39F + G41K,2,0.0101512346226,-1.6956983404232944
FDLV,V39F + G41L,2,0.138733539843,-0.8275910857735483
FDNV,V39F + G41N,2,0.0,-2.0
FDPV,V39F + G41P,2,0.00288508773485,-1.8899126199821874
FDQV,V39F + G41Q,2,0.00761342596698,-1.75415616170209
FDRV,V39F + G41R,2,0.0,-2.0
FDSV,V39F + G41S,2,0.00428255210642,-1.8451941828466607
FDVV,V39F + G41V,2,0.00772065731862,-1.751520172711105
FDWV,V39F + G41W,2,0.0383716668736,-1.3154089466918955
FEGV,V39F + D40E,2,0.298446297905,-0.5108204379636189
FFGV,V39F + D40F,2,3.60057588419,0.5575764770799582
FHGV,V39F + D40H,2,2.80379843854,0.44929298429807035
FKGV,V39F + D40K,2,1.04661589712,0.023917140497766273
FLGV,V39F + D40L,2,0.486987353816,-0.30365466204695707
FMGV,V39F + D40M,2,0.721343702065,-0.1358784741641623
FNGV,V39F + D40N,2,1.06941444029,0.033188223712811174
FPGV,V39F + D40P,2,0.163405873897,-0.7609361954535341
FRGV,V39F + D40R,2,1.44206790118,0.16198692519210342
FSGV,V39F + D40S,2,1.49008686249,0.176116407594261
FTGV,V39F + D40T,2,0.792733337608,-0.09542870034882016
FVGV,V39F + D40V,2,1.5873049328,0.20338783285155795
FYGV,V39F + D40Y,2,4.11276429473,0.6151885061755366
GCGV,V39G + D40C,2,0.0406049384905,-1.295807098683578
GDAV,V39G + G41A,2,0.00147621185715,-1.9402014430382797
GDCV,V39G + G41C,2,0.0122358631612,-1.6529460072597868
GDDV,V39G + G41D,2,0.0,-2.0
GDEV,V39G + G41E,2,0.000856510421285,-1.9643097464153392
GDFV,V39G + G41F,2,0.019149927323,-1.535362523692597
GDGG,V39G + V54G,2,0.00293137256482,-1.888355375684903
GDGK,V39G + V54K,2,0.0,-2.0
GDGL,V39G + V54L,2,0.00505043706952,-1.8224508878359487
GDGM,V39G + V54M,2,0.0252542910124,-1.4527880148544337
GDGN,V39G + V54N,2,0.0,-2.0
GDGP,V39G + V54P,2,0.000728945039391,-1.9694429794409114
GDGQ,V39G + V54Q,2,0.0,-2.0
GDGR,V39G + V54R,2,0.000657800003547,-1.972332433670157
GDGS,V39G + V54S,2,0.000884139789713,-1.963205889024665
GDGT,V39G + V54T,2,0.0010695935017,-1.9558683270173935
GDGW,V39G + V54W,2,0.130667636363,-0.8518058099263643
GDGY,V39G + V54Y,2,0.00549387530802,-1.8098399434807417
GDIV,V39G + G41I,2,0.0,-2.0
GDKV,V39G + G41K,2,0.0,-2.0
GDMV,V39G + G41M,2,0.0,-2.0
GDPV,V39G + G41P,2,0.00091057586316,-1.9621523266259033
GDQV,V39G + G41Q,2,0.00309698683402,-1.8828286090678006
GDRV,V39G + G41R,2,0.00140735987066,-1.9428148574466364
GDSV,V39G + G41S,2,0.00165110442657,-1.933632905227569
GDTV,V39G + G41T,2,0.0,-2.0
GDVV,V39G + G41V,2,0.000981205255887,-1.9593499907370409
GFGV,V39G + D40F,2,0.0680650410174,-1.1075434077645785
GGGV,V39G + D40G,2,0.00586439567726,-1.7995764668368144
GHGV,V39G + D40H,2,0.0635555558982,-1.1333845179765474
GIGV,V39G + D40I,2,0.0107415719079,-1.6831583335275884
GKGV,V39G + D40K,2,0.0126818540186,-1.6443214490234765
GNGV,V39G + D40N,2,0.00695642981754,-1.7706655833151888
GPGV,V39G + D40P,2,0.00174946809454,-1.9299817937186219
GQGV,V39G + D40Q,2,0.0119687045769,-1.6581955512584126
GRGV,V39G + D40R,2,0.0302209790567,-1.3955473620399443
GSGV,V39G + D40S,2,0.0210608325575,-1.507786907580988
GTGV,V39G + D40T,2,0.0101614062004,-1.6954791803725338
GVGV,V39G + D40V,2,0.0048617886441,-1.8279289192755592
GWGV,V39G + D40W,2,0.0685208337028,-1.1050150978824822
GYGV,V39G + D40Y,2,0.114352649623,-0.9053449566394124
HAGV,V39H + D40A,2,0.31970448807,-0.48187514102557893
HCGV,V39H + D40C,2,0.464923265835,-0.32337655440985924
HDAV,V39H + G41A,2,0.00282560138981,-1.8919222617598097
HDCV,V39H + G41C,2,0.0332222224013,-1.3642929063142535
HDEV,V39H + G41E,2,0.00181512142259,-1.927561810816221
HDFV,V39H + G41F,2,0.0334247969282,-1.3622622038116268
HDGC,V39H + V54C,2,0.121397641446,-0.8814124301809598
HDGG,V39H + V54G,2,0.0261810946685,-1.4415182975840772
HDGI,V39H + V54I,2,0.0158125000853,-1.588169929564354
HDGK,V39H + V54K,2,0.00153979401579,-1.9378019432257088
HDGL,V39H + V54L,2,0.0677585500151,-1.1092518464139856
HDGM,V39H + V54M,2,0.256953126385,-0.573564988595909
HDGN,V39H + V54N,2,0.0208303334456,-1.5110217781343098
HDGP,V39H + V54P,2,0.00325321465651,-1.8776787678968212
HDGR,V39H + V54R,2,0.000916666671609,-1.9619099501952413
HDGS,V39H + V54S,2,0.565418946041,-0.2400158427835448
HDGT,V39H + V54T,2,0.433641763433,-0.35296757709737536
HDGW,V39H + V54W,2,0.0533928574307,-1.1979596719791403
HDGY,V39H + V54Y,2,0.00965082164828,-1.7066192860084604
HDHV,V39H + G41H,2,0.0,-2.0
HDIV,V39H + G41I,2,0.00232274012552,-1.90929271026618
HDKV,V39H + G41K,2,0.0,-2.0
HDMV,V39H + G41M,2,0.00507561731132,-1.8217248954789629
HDNV,V39H + G41N,2,0.00256152649356,-1.9009575813434891
HDPV,V39H + G41P,2,0.00475289019904,-1.8311228898868037
HDQV,V39H + G41Q,2,0.0,-2.0
HDRV,V39H + G41R,2,0.00529995398806,-1.8153098752452568
HDSV,V39H + G41S,2,0.00100030414165,-1.958595307095021
HDTV,V39H + G41T,2,0.00307958803159,-1.8834059347904066
HDYV,V39H + G41Y,2,0.0,-2.0
HFGV,V39H + D40F,2,1.34723972798,0.13265656346200705
HGGV,V39H + D40G,2,0.0533835514861,-1.1980234302198172
HHGV,V39H + D40H,2,0.809468916282,-0.08646751523958261
HKGV,V39H + D40K,2,0.222028747967,-0.6344582034282304
HLGV,V39H + D40L,2,0.0917624049197,-0.9924126380261101
HMGV,V39H + D40M,2,0.12794885535,-0.8602818987892984
HNGV,V39H + D40N,2,0.173195517096,-0.7370851579841663
HPGV,V39H + D40P,2,0.00402525591845,-1.8530892054403125
HQGV,V39H + D40Q,2,0.152573056378,-0.7889514294428088
HRGV,V39H + D40R,2,0.366963965943,-0.4237001621020481
HSGV,V39H + D40S,2,0.307335069339,-0.4984819304876481
HTGV,V39H + D40T,2,0.134197406384,-0.8410425510121993
HVGV,V39H + D40V,2,0.504203427948,-0.28886503245018214
HWGV,V39H + D40W,2,1.38395741802,0.14424950733344016
HYGV,V39H + D40Y,2,2.48716449617,0.39744715165286587
IAGV,V39I + D40A,2,2.5112156607,0.40160999611122816
IDAV,V39I + G41A,2,0.206356178719,-0.6648306976677048
IDDV,V39I + G41D,2,0.0,-2.0
IDEV,V39I + G41E,2,0.00615917606317,-1.7915807871469054
IDGA,V39I + V54A,2,1.51164738806,0.18231402486443468
IDGC,V39I + V54C,2,1.48927934476,0.17588255785507018
IDGE,V39I + V54E,2,0.0244990690334,-1.4621926243212888
IDGF,V39I + V54F,2,0.84012500453,-0.07051720983156994
IDGG,V39I + V54G,2,0.350155444065,-0.4435100160961791
IDGH,V39I + V54H,2,0.168900062411,-0.7473895079248115
IDGK,V39I + V54K,2,0.0039436451052,-1.855623679456205
IDGL,V39I + V54L,2,0.218452558934,-0.6412039729784157
IDGM,V39I + V54M,2,0.499285565325,-0.29303863285295867
IDGN,V39I + V54N,2,0.236016204976,-0.6090362851735924
IDGP,V39I + V54P,2,0.00820881867987,-1.7397182286946762
IDGQ,V39I + V54Q,2,0.114289575906,-0.9055652938550686
IDGR,V39I + V54R,2,0.00394770235325,-1.855497329128034
IDGS,V39I + V54S,2,0.874598219001,-0.053253939348979575
IDGT,V39I + V54T,2,0.876808912773,-0.05216995070788668
IDGV,V39I,1,1.4459050863,0.1631330632738825
IDGW,V39I + V54W,2,0.138072055882,-0.8295268936822087
IDIV,V39I + G41I,2,0.00117129630261,-1.951896428996694
IDKV,V39I + G41K,2,0.00294713263238,-1.8878264029973582
IDLV,V39I + G41L,2,0.0105416667235,-1.6873643212327987
IDMV,V39I + G41M,2,0.0132088354126,-1.6343466512963796
IDNV,V39I + G41N,2,0.00304537038679,-1.884543585812093
IDPV,V39I + G41P,2,0.00891327918085,-1.7232331667296048
IDQV,V39I + G41Q,2,0.0,-2.0
IDRV,V39I + G41R,2,0.00134354575888,-1.9452511727076982
IDSV,V39I + G41S,2,0.0185295775647,-1.5447046588609044
IDTV,V39I + G41T,2,0.00102652934386,-1.9575611624463365
IDWV,V39I + G41W,2,0.0166111112007,-1.5749369902266483
IDYV,V39I + G41Y,2,0.0223327161698,-1.4903578101423356
IEGV,V39I + D40E,2,0.505034033267,-0.28816407198462507
IGGV,V39I + D40G,2,0.539511406418,-0.2600232883306054
IIGV,V39I + D40I,2,1.64361643912,0.21843478109843822
IKGV,V39I + D40K,2,1.36800429535,0.13925057130447746
ILGV,V39I + D40L,2,0.546493281653,-0.2545400743816394
IMGV,V39I + D40M,2,0.817503972662,-0.08222991259629964
INGV,V39I + D40N,2,2.28630706938,0.3610299628288701
IPGV,V39I + D40P,2,0.287032153779,-0.5271965356896873
IQGV,V39I + D40Q,2,0.877066671396,-0.05204373763024041
IRGV,V39I + D40R,2,1.74503648453,0.24428614921515096
ISGV,V39I + D40S,2,2.05862070169,0.3156808665651386
ITGV,V39I + D40T,2,0.941825576973,-0.021442629239937405
IVGV,V39I + D40V,2,1.67796893094,0.2273644486607894
IWGV,V39I + D40W,2,3.72027820633,0.5717412229530026
KAGV,V39K + D40A,2,0.549334336812,-0.2523285190764625
KCGV,V39K + D40C,2,0.653583336857,-0.17810452801524065
KDAV,V39K + G41A,2,0.00225428376815,-1.91171206708267
KDCV,V39K + G41C,2,0.0132620968457,-1.6333511405330758
KDEV,V39K + G41E,2,0.0012420694931,-1.9491537344338852
KDFV,V39K + G41F,2,0.0103226191033,-1.6920203225292778
KDGA,V39K + V54A,2,0.0174813972089,-1.5609611906558056
KDGC,V39K + V54C,2,0.194204226399,-0.6899352735969574
KDGD,V39K + V54D,2,0.0,-2.0
KDGE,V39K + V54E,2,0.00196616452519,-1.922045030251206
KDGF,V39K + V54F,2,0.172911634042,-0.7377586704691554
KDGG,V39K + V54G,2,0.00788840297707,-1.7474284302098961
KDGH,V39K + V54H,2,0.0218532665005,-1.4968460248545004
KDGI,V39K + V54I,2,0.043512798624,-1.2715423356043802
KDGL,V39K + V54L,2,0.145853023961,-0.8072847668434451
KDGM,V39K + V54M,2,0.33410686196,-0.4633066668686104
KDGN,V39K + V54N,2,0.00488603567999,-1.8272209443926357
KDGP,V39K + V54P,2,0.00292824075653,-1.8884605688328804
KDGR,V39K + V54R,2,0.00102741734502,-1.9575261887512097
KDGS,V39K + V54S,2,0.00846761522181,-1.7335891826797833
KDGT,V39K + V54T,2,0.015226851934,-1.5981369418325955
KDGV,V39K,1,0.0201606557734,-1.520559219974915
KDGW,V39K + V54W,2,0.0859157473359,-1.0181100850123672
KDGY,V39K + V54Y,2,0.00381200743826,-1.859743196439409
KDHV,V39K + G41H,2,0.00127777778467,-1.9477764669246815
KDIV,V39K + G41I,2,0.000946747270505,-1.9607149084336482
KDKV,V39K + G41K,2,0.000536366604327,-1.9773091268592604
KDLV,V39K + G41L,2,0.00343972239923,-1.8716097016488362
KDMV,V39K + G41M,2,0.00283656750128,-1.8915510911070514
KDNV,V39K + G41N,2,0.0,-2.0
KDRV,V39K + G41R,2,0.00273822551429,-1.8948910667437486
KDSV,V39K + G41S,2,0.00215955352445,-1.9150823712333067
KDTV,V39K + G41T,2,0.00209910650293,-1.9172467003591533
KDVV,V39K + G41V,2,0.00187814071364,-1.92525153418651
KDWV,V39K + G41W,2,0.00752385624972,-1.756370318048612
KEGV,V39K + D40E,2,0.133768238294,-0.8423370489826064
KFGV,V39K + D40F,2,1.38415205758,0.14431014403924036
KGGV,V39K + D40G,2,0.057541657343,-1.170428286814488
KHGV,V39K + D40H,2,1.35925639455,0.13648477779968685
KKGV,V39K + D40K,2,0.507561731132,-0.28603784318292536
KLGV,V39K + D40L,2,0.098414378769,-0.964913114422082
KMGV,V39K + D40M,2,0.250364584683,-0.5844180896996825
KNGV,V39K + D40N,2,0.240636390033,-0.6009558733132269
KPGV,V39K + D40P,2,0.00317226081957,-1.8803396785539213
KQGV,V39K + D40Q,2,0.339048842237,-0.45711379817016906
KSGV,V39K + D40S,2,0.649118720431,-0.18103635325980674
KVGV,V39K + D40V,2,0.781976534828,-0.10128768576616888
KYGV,V39K + D40Y,2,2.45451415014,0.3917313160229313
LAGV,V39L + D40A,2,2.26023771846,0.35607133490681114
LDAV,V39L + G41A,2,0.158142086212,-0.774323568404886
LDCV,V39L + G41C,2,0.320602065949,-0.48069443682794954
LDEV,V39L + G41E,2,0.00503829659579,-1.8228013539667876
LDFV,V39L + G41F,2,0.256420186568,-0.5744328719080825
LDGA,V39L + V54A,2,1.21617148777,0.08855121323623058
LDGC,V39L + V54C,2,1.02134827595,0.013405346934202172
LDGD,V39L + V54D,2,0.015226851934,-1.5981369418325955
LDGE,V39L + V54E,2,0.0124583334005,-1.6486224752260126
LDGG,V39L + V54G,2,0.19406571693,-0.6902299506917021
LDGH,V39L + V54H,2,0.0373057872382,-1.3250857258188289
LDGI,V39L + V54I,2,0.472257754484,-0.3167207803714075
LDGM,V39L + V54M,2,0.560083336353,-0.24406165332266666
LDGN,V39L + V54N,2,0.0945297050697,-0.980760274963209
LDGQ,V39L + V54Q,2,0.0758102840967,-1.066460660183931
LDGR,V39L + V54R,2,0.00313928048682,-1.8814284162952157
LDGS,V39L + V54S,2,0.416252753528,-0.3703328025140413
LDGT,V39L + V54T,2,0.717614780247,-0.13809848757100932
LDGV,V39L,1,1.69016355375,0.23049070201032382
LDGW,V39L + V54W,2,0.156503205972,-0.778577399860099
LDGY,V39L + V54Y,2,0.287902662617,-0.5259256150974679
LDIV,V39L + G41I,2,0.00247665663986,-1.9039017766238264
LDKV,V39L + G41K,2,0.0,-2.0
LDLV,V39L + G41L,2,0.280697713932,-0.5365583835395876
LDMV,V39L + G41M,2,0.128368144152,-0.8589638839503827
LDNV,V39L + G41N,2,0.00435052912399,-1.843132085592525
LDPV,V39L + G41P,2,0.0049833333602,-1.8243915578716798
LDQV,V39L + G41Q,2,0.0,-2.0
LDRV,V39L + G41R,2,0.00347490757288,-1.8704742050448127
LDSV,V39L + G41S,2,0.0103149642133,-1.6921839383870416
LDTV,V39L + G41T,2,0.000748861570522,-1.9686375301503745
LDWV,V39L + G41W,2,0.0160439025255,-1.5842939387558235
LDYV,V39L + G41Y,2,0.0292500001577,-1.4061603371738054
LEGV,V39L + D40E,2,0.501986326558,-0.29074163742202974
LGGV,V39L + D40G,2,0.731433635403,-0.12992771593449212
LHGV,V39L + D40H,2,3.35696195393,0.5272382089655719
LIGV,V39L + D40I,2,1.72909874212,0.24032424096787616
LKGV,V39L + D40K,2,1.28272763285,0.11150703221950319
LLGV,V39L + D40L,2,0.633003530646,-0.1917866424165778
LMGV,V39L + D40M,2,0.875806518132,-0.05266112832045762
LNGV,V39L + D40N,2,2.08802441202,0.3218105372149732
LPGV,V39L + D40P,2,0.713918508231,-0.14031031973867533
LQGV,V39L + D40Q,2,0.906208338219,-0.038005760119395465
LSGV,V39L + D40S,2,2.26769974438,0.35749647305588445
LTGV,V39L + D40T,2,1.13793527399,0.05991740117915403
LVGV,V39L + D40V,2,1.76261911328,0.2486154277773318
LWGV,V39L + D40W,2,4.04596052161,0.6080937191728208
LYGV,V39L + D40Y,2,5.07529943739,0.706316530548319
MAGV,V39M + D40A,2,0.88327637195,-0.04901415338099891
MCGV,V39M + D40C,2,0.806701741377,-0.08793651840486638
MDAV,V39M + G41A,2,0.0970438601724,-0.9704382379418688
MDDV,V39M + G41D,2,0.00352518758599,-1.8688567027836567
MDFV,V39M + G41F,2,0.198611112182,-0.680662561533702
MDGA,V39M + V54A,2,0.62843393196,-0.19488403883876654
MDGC,V39M + V54C,2,0.658013297971,-0.17521489204849267
MDGD,V39M + V54D,2,0.0,-2.0
MDGF,V39M + V54F,2,0.39472685398,-0.39283797883449484
MDGG,V39M + V54G,2,0.0940403230877,-0.9827983078123105
MDGH,V39M + V54H,2,0.0862854942924,-1.0164391357548141
MDGI,V39M + V54I,2,0.524061620632,-0.27240863069334703
MDGK,V39M + V54K,2,0.00276851853345,-1.8938594888032367
MDGL,V39M + V54L,2,0.231600417915,-0.6169023188173733
MDGN,V39M + V54N,2,0.136614746323,-0.8338223467165075
MDGP,V39M + V54P,2,0.00487982198477,-1.8274022644550956
MDGQ,V39M + V54Q,2,0.0481149427882,-1.235712185405306
MDGS,V39M + V54S,2,0.374956620262,-0.4145882072247229
MDGT,V39M + V54T,2,0.412649569592,-0.37401956895477884
MDGV,V39M,1,1.17054988281,0.0720843424282384
MDGW,V39M + V54W,2,0.0755744489369,-1.0676558888530603
MDKV,V39M + G41K,2,0.0074076576976,-1.759259661820211
MDLV,V39M + G41L,2,0.0808770496164,-1.0415457810621547
MDNV,V39M + G41N,2,0.00407558862173,-1.8515334344997751
MDPV,V39M + G41P,2,0.00234259260522,-1.9085936056287742
MDQV,V39M + G41Q,2,0.00652579368598,-1.7818376734360268
MDSV,V39M + G41S,2,0.0098092982985,-1.7031309081306503
MDTV,V39M + G41T,2,0.00650000003505,-1.782516054863547
MDVV,V39M + G41V,2,0.0115751634611,-1.6660459052310697
MDWV,V39M + G41W,2,0.0,-2.0
MDYV,V39M + G41Y,2,0.0281490992509,-1.4185157118370673
MEGV,V39M + D40E,2,0.291305806478,-0.5209924989371426
MFGV,V39M + D40F,2,2.26650809173,0.3572691983241746
MHGV,V39M + D40H,2,2.03729459697,0.31118034028481734
MIGV,V39M + D40I,2,1.33684363621,0.1293171785938472
MKGV,V39M + D40K,2,0.926559935004,-0.02846442479315673
MLGV,V39M + D40L,2,0.362832451897,-0.4284862930283324
MMGV,V39M + D40M,2,0.557579632636,-0.24597319741558832
MNGV,V39M + D40N,2,1.42186202843,0.15590117217691926
MQGV,V39M + D40Q,2,0.61434491072,-0.20457542403658813
MSGV,V39M + D40S,2,1.31353644531,0.12173590466955436
MTGV,V39M + D40T,2,0.610308686974,-0.20739213681269678
MVGV,V39M + D40V,2,1.28844389754,0.1134231896101685
MWGV,V39M + D40W,2,2.35080188425,0.37305954311976264
MYGV,V39M + D40Y,2,2.7993624312,0.4486077704286039
NAGV,V39N + D40A,2,0.0787756523522,-1.0517061276783348
NCGV,V39N + D40C,2,0.139877012248,-0.824264973018459
NDCV,V39N + G41C,2,0.00409079604196,-1.8510644712721203
NDDV,V39N + G41D,2,0.00472557473812,-1.8319277457277574
NDEV,V39N + G41E,2,0.0,-2.0
NDFV,V39N + G41F,2,0.0,-2.0
NDGE,V39N + V54E,2,0.00840102175666,-1.735158061177466
NDGF,V39N + V54F,2,0.00965932457484,-1.7064314070765596
NDGG,V39N + V54G,2,0.00607386891548,-1.7938795777224583
NDGK,V39N + V54K,2,0.00417385789052,-1.8485119258620981
NDGM,V39N + V54M,2,0.125808743848,-0.8670722677382182
NDGN,V39N + V54N,2,0.00937927761711,-1.712662415765652
NDGP,V39N + V54P,2,0.00165859809265,-1.933353668893497
NDGQ,V39N + V54Q,2,0.0104322376572,-1.6896840685629289
NDGV,V39N,1,0.0116278958495,-1.6649857304639155
NDHV,V39N + G41H,2,0.0105416667235,-1.6873643212327987
NDKV,V39N + G41K,2,0.00232274012552,-1.90929271026618
NDLV,V39N + G41L,2,0.00180317983428,-1.9280009758767152
NDMV,V39N + G41M,2,0.00297916668273,-1.886753190178924
NDQV,V39N + G41Q,2,0.00242551623727,-1.9056855587845456
NDRV,V39N + G41R,2,0.00166447369318,-1.9331348520099012
NDSV,V39N + G41S,2,0.0,-2.0
NDTV,V39N + G41T,2,0.0,-2.0
NDVV,V39N + G41V,2,0.00109414504915,-1.9549061602857714
NDWV,V39N + G41W,2,0.00139128596351,-1.9434272456020836
NEGV,V39N + D40E,2,0.0103943779669,-1.6904895362239447
NFGV,V39N + D40F,2,0.246896931156,-0.5902410837055323
NGGV,V39N + D40G,2,0.0130871987973,-1.6366287574541964
NHGV,V39N + D40H,2,0.182040423867,-0.7166073441374896
NIGV,V39N + D40I,2,0.13165238835,-0.8487760985986694
NKGV,V39N + D40K,2,0.0412598568533,-1.290222610947497
NLGV,V39N + D40L,2,0.0218670294319,-1.4966584185301004
NMGV,V39N + D40M,2,0.0332398937962,-1.3641153814111635
NNGV,V39N + D40N,2,0.0262547171227,-1.4406354791045823
NPGV,V39N + D40P,2,0.00265584626755,-1.8977088092541283
NQGV,V39N + D40Q,2,0.0416499185252,-1.2869303592185903
NRGV,V39N + D40R,2,0.0804338269853,-1.0436690902642962
NVGV,V39N + D40V,2,0.140938059249,-0.8212012384367681
NWGV,V39N + D40W,2,0.183304141116,-0.7137588420678592
NYGV,V39N + D40Y,2,0.52996582317,-0.26763372772962707
PAGV,V39P + D40A,2,0.0202698286195,-1.518990037907522
PCGV,V39P + D40C,2,0.0687055259769,-1.1039947744131928
PDAV,V39P + G41A,2,0.0013051587372,-1.9467233352906654
PDDV,V39P + G41D,2,0.0024916666801,-1.9033796127323122
PDFV,V39P + G41F,2,0.0176827957943,-1.5577900508944111
PDGA,V39P + V54A,2,0.00581388892024,-1.8009613160947489
PDGC,V39P + V54C,2,0.0307644559482,-1.3897183494952632
PDGE,V39P + V54E,2,0.00193016432966,-1.923353574186068
PDGF,V39P + V54F,2,0.0,-2.0
PDGG,V39P + V54G,2,0.0129743590443,-1.6387565960422479
PDGH,V39P + V54H,2,0.00332222224013,-1.875423325756696
PDGK,V39P + V54K,2,0.00445663959042,-1.839932645972482
PDGN,V39P + V54N,2,0.0,-2.0
PDGP,V39P + V54P,2,0.00273399835223,-1.8950352106695592
PDGQ,V39P + V54Q,2,0.0018519144244,-1.926211492961902
PDGR,V39P + V54R,2,0.00165110442657,-1.933632905227569
PDGS,V39P + V54S,2,0.00214127605321,-1.9157356663296021
PDGT,V39P + V54T,2,0.00783095242317,-1.7488254587831373
PDGV,V39P,1,0.00894644046029,-1.7224723705856735
PDGW,V39P + V54W,2,0.0148958334136,-1.6038733306912216
PDGY,V39P + V54Y,2,0.0017347046507,-1.9305278366308252
PDHV,V39P + G41H,2,0.0,-2.0
PDIV,V39P + G41I,2,0.0,-2.0
PDKV,V39P + G41K,2,0.0,-2.0
PDLV,V39P + G41L,2,0.00182722223207,-1.9271172427717496
PDMV,V39P + G41M,2,0.00338374487421,-1.8734223506453953
PDNV,V39P + G41N,2,0.00346940930141,-1.8706514497679734
PDPV,V39P + G41P,2,0.00315038315875,-1.8810615930824692
PDQV,V39P + G41Q,2,0.0109633333924,-1.6785396587674388
PDRV,V39P + G41R,2,0.00973076928323,-1.7048559817042863
PDSV,V39P + G41S,2,0.00328243514744,-1.876722295890855
PDTV,V39P + G41T,2,0.00195773810579,-1.9223509625780006
PDVV,V39P + G41V,2,0.00182115172632,-1.9273402083940063
PDWV,V39P + G41W,2,0.0,-2.0
PEGV,V39P + D40E,2,0.00959291671839,-1.7079009075268556
PFGV,V39P + D40F,2,0.0573268361177,-1.171811793803393
PGGV,V39P + D40G,2,0.013051587372,-1.6372991629787323
PIGV,V39P + D40I,2,0.0504104226151,-1.2188881260522932
PKGV,V39P + D40K,2,0.0160206688594,-1.5846815441228896
PLGV,V39P + D40L,2,0.00943786606166,-1.711351414744869
PMGV,V39P + D40M,2,0.00957818105523,-1.7082276595385784
PPGV,V39P + D40P,2,0.00355952382872,-1.8677555613679515
PQGV,V39P + D40Q,2,0.0109148230677,-1.6795458050516312
PRGV,V39P + D40R,2,0.0291766130605,-1.406973112821036
PSGV,V39P + D40S,2,0.0274707670426,-1.4263074166217355
PTGV,V39P + D40T,2,0.0143028924719,-1.6143420346392094
PVGV,V39P + D40V,2,0.0461788891379,-1.2504268526397802
PWGV,V39P + D40W,2,0.065827875173,-1.1201711135185173
PYGV,V39P + D40Y,2,0.124967511687,-0.8697707588612094
QAGV,V39Q + D40A,2,0.44508422859,-0.341908215152848
QCGV,V39Q + D40C,2,0.434424591008,-0.3522019185799403
QDAV,V39Q + G41A,2,0.00384757778017,-1.8586261867948362
QDCV,V39Q + G41C,2,0.0259487180886,-1.444316591705952
QDDV,V39Q + G41D,2,0.00180317983428,-1.9280009758767152
QDEV,V39Q + G41E,2,0.00170768432904,-1.9315289958388797
QDFV,V39Q + G41F,2,0.0770699880009,-1.0601315153905337
QDGA,V39Q + V54A,2,0.0890140611629,-1.004303126091082
QDGC,V39Q + V54C,2,0.241442030287,-0.5995621252338708
QDGD,V39Q + V54D,2,0.0,-2.0
QDGE,V39Q + V54E,2,0.00431789199627,-1.8441209179065123
QDGF,V39Q + V54F,2,0.147809226987,-0.8018676075119815
QDGG,V39Q + V54G,2,0.00960447766372,-1.707644724431671
QDGH,V39Q + V54H,2,0.0173864952064,-1.5624635431353378
QDGK,V39Q + V54K,2,0.00266675677114,-1.8973345687552432
QDGM,V39Q + V54M,2,0.337085295935,-0.4595637845698916
QDGP,V39Q + V54P,2,0.00330512256684,-1.8759811203717356
QDGQ,V39Q + V54Q,2,0.103635693774,-0.944485232231962
QDGR,V39Q + V54R,2,0.00233644810003,-1.9088098640145887
QDGS,V39Q + V54S,2,0.061788779211,-1.1439434319076607
QDGV,V39Q,1,0.102672417647,-0.948182386791576
QDGW,V39Q + V54W,2,0.0532939817688,-1.1986375823816426
QDGY,V39Q + V54Y,2,0.00775707551352,-1.7506285584292074
QDIV,V39Q + G41I,2,0.00219266667849,-1.9139012987215367
QDKV,V39Q + G41K,2,0.00300529972381,-1.8858796344795028
QDLV,V39Q + G41L,2,0.0104261229877,-1.6898140574905522
QDMV,V39Q + G41M,2,0.00346940930141,-1.8706514497679734
QDNV,V39Q + G41N,2,0.000666869427764,-1.9719630210383077
QDQV,V39Q + G41Q,2,0.00118139368453,-1.9515040612279528
QDRV,V39Q + G41R,2,0.00200842697712,-1.9205138785170852
QDSV,V39Q + G41S,2,0.00449316942313,-1.8388366309221973
QDTV,V39Q + G41T,2,0.00121454948956,-1.9502181681914
QFGV,V39Q + D40F,2,1.07408531207,0.03506346034199539
QGGV,V39Q + D40G,2,0.069920790755,-1.0973402277496156
QHGV,V39Q + D40H,2,1.03393043712,0.0186715601782522
QIGV,V39Q + D40I,2,0.497373506065,-0.2946722144303754
QKGV,V39Q + D40K,2,0.31276835031,-0.4911090574679645
QLGV,V39Q + D40L,2,0.0762418499214,-1.0642819362709826
QMGV,V39Q + D40M,2,0.175057285563,-0.7326938123925714
QNGV,V39Q + D40N,2,0.234879009705,-0.6110484397016543
QPGV,V39Q + D40P,2,0.0221630728958,-1.492642464962903
QQGV,V39Q + D40Q,2,0.229478766405,-0.620732987643779
QRGV,V39Q + D40R,2,0.461665191614,-0.32636617303935767
QTGV,V39Q + D40T,2,0.25545357158,-0.576011427011275
QVGV,V39Q + D40V,2,0.572101211708,-0.23500149668222065
QWGV,V39Q + D40W,2,1.32730244161,0.12622963753006272
QYGV,V39Q + D40Y,2,1.93381019561,0.2886538557427267
RAGV,V39R + D40A,2,0.521429688086,-0.2745541875776418
RCGV,V39R + D40C,2,0.582457703468,-0.2273426492100739
RDCV,V39R + G41C,2,0.0118713906415,-1.660123602480011
RDDV,V39R + G41D,2,0.00165809639934,-1.933372357875012
RDEV,V39R + G41E,2,0.00153743839007,-1.9378906050927114
RDGA,V39R + V54A,2,0.0175605644869,-1.5597118915889698
RDGD,V39R + V54D,2,0.00548166669622,-1.8101822866759159
RDGE,V39R + V54E,2,0.00286498259384,-1.890590797048221
RDGF,V39R + V54F,2,0.0997162033209,-0.9597292293696561
RDGG,V39R + V54G,2,0.00714679663352,-1.7658170029874012
RDGI,V39R + V54I,2,0.0443385888276,-1.2648916443933638
RDGK,V39R + V54K,2,0.00171839081386,-1.9311320221611903
RDGL,V39R + V54L,2,0.115550214422,-0.901182541236906
RDGM,V39R + V54M,2,0.317500272494,-0.4847883343207743
RDGN,V39R + V54N,2,0.00695482510478,-1.7707066857691571
RDGQ,V39R + V54Q,2,0.062682735764,-1.1385687342967459
RDGS,V39R + V54S,2,0.0100517959368,-1.6978467237663781
RDGT,V39R + V54T,2,0.0152574367155,-1.5976107264964563
RDGW,V39R + V54W,2,0.0738655227398,-1.0764165416886498
RDGY,V39R + V54Y,2,0.00350853400246,-1.8693917797113546
RDHV,V39R + G41H,2,0.00126189380668,-1.9483885721282306
RDIV,V39R + G41I,2,0.00148153153952,-1.9400001768510766
RDKV,V39R + G41K,2,0.00199898704481,-1.9208554155705404
RDMV,V39R + G41M,2,0.00259133334731,-1.8999282782544629
RDPV,V39R + G41P,2,0.00154752196568,-1.9375112029662789
RDRV,V39R + G41R,2,0.00149527187567,-1.9394807527368558
RDSV,V39R + G41S,2,0.00191881360131,-1.9237669721165347
RDTV,V39R + G41T,2,0.00204133566145,-1.9193253371459142
RDVV,V39R + G41V,2,0.00237404361032,-1.9074883577124981
RDWV,V39R + G41W,2,0.00402153877262,-1.853204322761178
RDYV,V39R + G41Y,2,0.0073534553242,-1.760614037943717
RFGV,V39R + D40F,2,1.3816297533,0.1435237054706888
RGGV,V39R + D40G,2,0.0587625585768,-1.162647972079332
RIGV,V39R + D40I,2,0.654597448438,-0.17744133042327828
RLGV,V39R + D40L,2,0.109209220447,-0.923690152025434
RMGV,V39R + D40M,2,0.254545030362,-0.5775003925391543
RNGV,V39R + D40N,2,0.241493080143,-0.5994739600993271
RPGV,V39R + D40P,2,0.00319092117734,-1.8797248747897772
RQGV,V39R + D40Q,2,0.290389975524,-0.5223145645016
RRGV,V39R + D40R,2,0.698994161965,-0.14935734089143882
RSGV,V39R + D40S,2,0.594749688467,-0.21842434669009703
RYGV,V39R + D40Y,2,1.89300223243,0.2794392977623024
SAGV,V39S + D40A,2,0.204110229103,-0.6693625838178114
SCGV,V39S + D40C,2,0.252628670638,-0.5806578646128805
SDCV,V39S + G41C,2,0.0154103079813,-1.594990071125603
SDEV,V39S + G41E,2,0.00279676872256,-1.8928996790335222
SDFV,V39S + G41F,2,0.00407862105374,-1.8514398805688381
SDGA,V39S + V54A,2,0.0365949203937,-1.3316614259114892
SDGC,V39S + V54C,2,0.119297980441,-0.8884082584929959
SDGE,V39S + V54E,2,0.00115891473493,-1.9523780408419886
SDGG,V39S + V54G,2,0.00997621333604,-1.699486832582508
SDGH,V39S + V54H,2,0.17263992736,-0.7384042742464536
SDGI,V39S + V54I,2,0.0259447816933,-1.4443641496844695
SDGK,V39S + V54K,2,0.00382797953647,-1.8592412718259523
SDGM,V39S + V54M,2,0.165383618086,-0.7560109748645935
SDGN,V39S + V54N,2,0.0143910104197,-1.612770208271315
SDGP,V39S + V54P,2,0.00202691044643,-1.9198459228176337
SDGQ,V39S + V54Q,2,0.0176665132935,-1.5580455699088145
SDGV,V39S,1,0.0343121087361,-1.3534775821583966
SDGW,V39S + V54W,2,0.257175596625,-0.5732032121212708
SDHV,V39S + G41H,2,0.0,-2.0
SDIV,V39S + G41I,2,0.00418447839406,-1.848186629889033
SDKV,V39S + G41K,2,0.0,-2.0
SDLV,V39S + G41L,2,0.00330220885315,-1.8760762377484088
SDMV,V39S + G41M,2,0.00267833877666,-1.8969376476682935
SDNV,V39S + G41N,2,0.00537418303551,-1.813207952794604
SDPV,V39S + G41P,2,0.00213571429723,-1.9159346563970856
SDRV,V39S + G41R,2,0.00109051724726,-1.9550481984502708
SDSV,V39S + G41S,2,0.00376603055466,-1.8611912708344787
SDTV,V39S + G41T,2,0.0,-2.0
SDVV,V39S + G41V,2,0.00316859346602,-1.8804606094396834
SDWV,V39S + G41W,2,0.00285503473762,-1.8909267454438123
SFGV,V39S + D40F,2,0.880982147607,-0.05013099772905405
SGGV,V39S + D40G,2,0.0399173019369,-1.301748896594515
SHGV,V39S + D40H,2,0.674874047355,-0.16438929065105307
SIGV,V39S + D40I,2,0.183030875611,-0.7143732193081799
SKGV,V39S + D40K,2,0.112555118717,-0.9116685450065781
SLGV,V39S + D40L,2,0.0466347430352,-1.2469170656424544
SMGV,V39S + D40M,2,0.0925451914949,-0.9890846995685781
SNGV,V39S + D40N,2,0.104382204613,-0.9416415370773901
SPGV,V39S + D40P,2,0.00818159208391,-1.7403680901468876
SQGV,V39S + D40Q,2,0.101915463847,-0.9511099009656654
SRGV,V39S + D40R,2,0.199856361481,-0.678077861266786
SSGV,V39S + D40S,2,0.20145871252,-0.6747744163510445
STGV,V39S + D40T,2,0.0734429351786,-1.0786104276226425
SVGV,V39S + D40V,2,0.20400327651,-0.6695795773081942
SWGV,V39S + D40W,2,0.896845002244,-0.04246693611798088
SYGV,V39S + D40Y,2,1.52173737853,0.1851843104452464
TAGV,V39T + D40A,2,1.10536905358,0.04741859062543067
TCGV,V39T + D40C,2,0.902584774981,-0.03972678101250849
TDAV,V39T + G41A,2,0.0240423977904,-1.4679798577982381
TDDV,V39T + G41D,2,0.0101512346226,-1.6956983404232944
TDEV,V39T + G41E,2,0.0,-2.0
TDFV,V39T + G41F,2,0.0411125002217,-1.2914728745538593
TDGA,V39T + V54A,2,0.188931230792,-0.7012970303702871
TDGC,V39T + V54C,2,0.318290324297,-0.48374191704630765
TDGE,V39T + V54E,2,0.0293660715869,-1.4048779220971461
TDGF,V39T + V54F,2,0.113413793715,-0.9086362973568947
TDGH,V39T + V54H,2,0.140228682927,-0.8232471402502055
TDGI,V39T + V54I,2,0.021083333447,-1.5074724126507935
TDGK,V39T + V54K,2,0.0195773810579,-1.5290402834309589
TDGM,V39T + V54M,2,0.253000001364,-0.5800442492578555
TDGN,V39T + V54N,2,0.0953333338473,-0.9774341699821489
TDGP,V39T + V54P,2,0.00577017546971,-1.8021634743881019
TDGQ,V39T + V54Q,2,0.063250000341,-1.1351923689520862
TDGS,V39T + V54S,2,0.370520063726,-0.41962243919363545
TDGV,V39T,1,0.246551701455,-0.590825100751074
TDGW,V39T + V54W,2,0.207414415533,-0.6627116636587455
TDHV,V39T + G41H,2,0.0,-2.0
TDIV,V39T + G41I,2,0.00945114947625,-1.7110547287114568
TDNV,V39T + G41N,2,0.0,-2.0
TDPV,V39T + G41P,2,0.0,-2.0
TDQV,V39T + G41Q,2,0.0,-2.0
TDRV,V39T + G41R,2,0.0,-2.0
TDSV,V39T + G41S,2,0.0,-2.0
TDTV,V39T + G41T,2,0.0,-2.0
TDVV,V39T + G41V,2,0.0,-2.0
TDWV,V39T + G41W,2,0.0,-2.0
TDYV,V39T + G41Y,2,0.0,-2.0
TGGV,V39T + D40G,2,0.249899511151,-0.5851945373694101
THGV,V39T + D40H,2,2.07365680943,0.3188261896541292
TLGV,V39T + D40L,2,0.249519262352,-0.5858304018898353
TMGV,V39T + D40M,2,0.471162304128,-0.3177084040887748
TNGV,V39T + D40N,2,0.880804171416,-0.05021775793940398
TPGV,V39T + D40P,2,0.0404686803077,-1.2969780513704754
TQGV,V39T + D40Q,2,0.548166669622,-0.25323610054431134
TTGV,V39T + D40T,2,0.596956373201,-0.2168425240136784
TVGV,V39T + D40V,2,1.28403243234,0.1119451611934136
TWGV,V39T + D40W,2,3.25712986252,0.5141663972409581
TYGV,V39T + D40Y,2,3.68614117634,0.567748551004372
VAAV,D40A + G41A,2,0.259548612511,-0.5693628993403247
VACV,D40A + G41C,2,0.18519144244,-0.7095392265389713
VAEV,D40A + G41E,2,0.0171302084257,-1.5665468697922669
VAGA,D40A + V54A,2,1.75153255202,0.24589067308185797
VAGC,D40A + V54C,2,2.80027310747,0.44874852748645994
VAGE,D40A + V54E,2,0.0352392859043,-1.3444842589691666
VAGF,D40A + V54F,2,1.6210071516,0.21245586532820188
VAGG,D40A + V54G,2,0.56545120425,-0.2399914967490857
VAGH,D40A + V54H,2,0.0768770329348,-1.0610950197309148
VAGI,D40A + V54I,2,0.583695990801,-0.226435883832711
VAGK,D40A + V54K,2,0.00334247969282,-1.8747634495176617
VAGL,D40A + V54L,2,1.21540232896,0.08827870140275365
VAGM,D40A + V54M,2,2.48587210643,0.3972223274467734
VAGN,D40A + V54N,2,1.18769445085,0.07834603738970031
VAGP,D40A + V54P,2,0.0187999399329,-1.5406084180337303
VAGQ,D40A + V54Q,2,0.0676952814895,-1.109605355527237
VAGR,D40A + V54R,2,0.00519097225021,-1.8184144296007567
VAGS,D40A + V54S,2,0.834746205109,-0.0732737505491272
VAGT,D40A + V54T,2,0.97037592435,-0.008607362505973767
VAGV,D40A,1,2.40124349574,0.38224106915664313
VAGW,D40A + V54W,2,0.558133336343,-0.24554972689058682
VAGY,D40A + V54Y,2,0.104050154882,-0.94290412060783
VAHV,D40A + G41H,2,0.0,-2.0
VAIV,D40A + G41I,2,0.00146568628241,-1.940599945317504
VAKV,D40A + G41K,2,0.0,-2.0
VALV,D40A + G41L,2,0.057955947449,-1.1677725281698943
VAMV,D40A + G41M,2,0.0325183617573,-1.3714234772971696
VANV,D40A + G41N,2,0.0133699187713,-1.6313427971172934
VAPV,D40A + G41P,2,0.00435052912399,-1.843132085592525
VARV,D40A + G41R,2,0.0067397541347,-1.7762509250002994
VASV,D40A + G41S,2,0.0404895835516,-1.2967982114393524
VATV,D40A + G41T,2,0.00856510421285,-1.7313026085741718
VAWV,D40A + G41W,2,0.0,-2.0
VAYV,D40A + G41Y,2,0.0953333338473,-0.9774341699821489
VCAV,D40C + G41A,2,0.27756375811,-0.5412658493205861
VCCV,D40C + G41C,2,0.216259846454,-0.6453925119345192
VCDV,D40C + G41D,2,0.0238827802118,-1.4700209613547677
VCEV,D40C + G41E,2,0.0218594070708,-1.4967623110294228
VCGA,D40C + V54A,2,1.45247248726,0.16508770467315476
VCGC,D40C + V54C,2,1.47192902028,0.17082740280731226
VCGE,D40C + V54E,2,0.0744075032649,-1.0736189457712295
VCGF,D40C + V54F,2,1.46113439755,0.1676523501225774
VCGG,D40C + V54G,2,0.435451925425,-0.35119915952663455
VCGH,D40C + V54H,2,0.111959770719,-0.9137834007675187
VCGI,D40C + V54I,2,0.465941669179,-0.32244627061143377
VCGK,D40C + V54K,2,0.0269822972094,-1.4320061155029724
VCGL,D40C + V54L,2,0.927773829653,-0.027901891234490706
VCGM,D40C + V54M,2,1.62583483553,0.21373945236771927
VCGP,D40C + V54P,2,0.0236773561486,-1.472662010258585
VCGQ,D40C + V54Q,2,0.180676825186,-0.7197020877900969
VCGR,D40C + V54R,2,0.016854319271,-1.5709858520613498
VCGS,D40C + V54S,2,0.756246262581,-0.11563163076965478
VCGT,D40C + V54T,2,0.697701085714,-0.15015013812480082
VCGV,D40C,1,1.83818718188,0.2667459538650851
VCGY,D40C + V54Y,2,0.148764995886,-0.7992452435291427
VCHV,D40C + G41H,2,0.00380671298349,-1.8599097032495981
VCKV,D40C + G41K,2,0.0069096639028,-1.771865024372095
VCLV,D40C + G41L,2,0.0828624035475,-1.0321600797274881
VCMV,D40C + G41M,2,0.0373219860168,-1.3249370371202305
VCNV,D40C + G41N,2,0.0293205427937,-1.4053804956547125
VCPV,D40C + G41P,2,0.0259487180886,-1.444316591705952
VCQV,D40C + G41Q,2,0.015226851934,-1.5981369418325955
VCSV,D40C + G41S,2,0.0495150550115,-1.2253731606348137
VCTV,D40C + G41T,2,0.0143714108141,-1.6131193296152753
VCVV,D40C + G41V,2,0.0404842956342,-1.296843698715234
VCWV,D40C + G41W,2,0.0440491073804,-1.2672114740134979
VCYV,D40C + G41Y,2,0.157671595832,-0.7755405022014785
VDAA,G41A + V54A,2,4.15798312534,0.6199259519933497
VDAC,G41A + V54C,2,1.64119780001,0.21779910131088082
VDAF,G41A + V54F,2,0.150182649212,-0.7953845279495361
VDAH,G41A + V54H,2,0.0,-2.0
VDAI,G41A + V54I,2,0.154916667502,-0.7827354496414469
VDAM,G41A + V54M,2,1.5025639962,0.17971375860288857
VDAP,G41A + V54P,2,0.0169886364552,-1.5688190567158637
VDAQ,G41A + V54Q,2,0.0,-2.0
VDAR,G41A + V54R,2,0.00105416667235,-1.956473991505991
VDAS,G41A + V54S,2,0.946068353054,-0.019511057208222812
VDAT,G41A + V54T,2,0.190666667695,-0.6975247612362591
VDAV,G41A,1,0.120576126726,-0.884136217998928
VDAW,G41A + V54W,2,0.00870105824797,-1.7281338170864942
VDAY,G41A + V54Y,2,0.0101512346226,-1.6956983404232944
VDCA,G41C + V54A,2,3.68714212514,0.5678661459957818
VDCC,G41C + V54C,2,1.57597917516,0.20029748047687157
VDCE,G41C + V54E,2,0.0105416667235,-1.6873643212327987
VDCF,G41C + V54F,2,0.00978869052897,-1.7035829432801222
VDCG,G41C + V54G,2,1.91858334368,0.28523841163255903
VDCH,G41C + V54H,2,0.0,-2.0
VDCI,G41C + V54I,2,0.0489434526448,-1.229564428705507
VDCK,G41C + V54K,2,0.00945114947625,-1.7110547287114568
VDCM,G41C + V54M,2,0.105416667235,-0.9377314705086099
VDCN,G41C + V54N,2,0.015226851934,-1.5981369418325955
VDCQ,G41C + V54Q,2,0.00913611116037,-1.7181463148972078
VDCR,G41C + V54R,2,0.00326289684299,-1.8773616082448126
VDCT,G41C + V54T,2,0.158843750856,-0.7725150085789344
VDCV,G41C,1,0.0607126195004,-1.1505030743173579
VDCW,G41C + V54W,2,0.0101512346226,-1.6956983404232944
VDCY,G41C + V54Y,2,0.00702777781567,-1.7688420252824288
VDDA,G41D + V54A,2,0.00351388890783,-1.869219655554208
VDDC,G41D + V54C,2,0.00583156031513,-1.8004762801561591
VDDE,G41D + V54E,2,0.0,-2.0
VDDF,G41D + V54F,2,0.0,-2.0
VDDI,G41D + V54I,2,0.00945114947625,-1.7110547287114568
VDDK,G41D + V54K,2,0.0,-2.0
VDDL,G41D + V54L,2,0.00284024181151,-1.8914267974185996
VDDN,G41D + V54N,2,0.0,-2.0
VDDQ,G41D + V54Q,2,0.0,-2.0
VDDR,G41D + V54R,2,0.00483676473196,-1.8286607899086063
VDDS,G41D + V54S,2,0.00895697172585,-1.7222310376621153
VDDT,G41D + V54T,2,0.00279676872256,-1.8928996790335222
VDDV,G41D,1,0.00595378718971,-1.7971362053743627
VDDW,G41D + V54W,2,0.0,-2.0
VDDY,G41D + V54Y,2,0.0,-2.0
VDEA,G41E + V54A,2,0.00668495938564,-1.7776748461631533
VDEC,G41E + V54C,2,0.0,-2.0
VDEE,G41E + V54E,2,0.0,-2.0
VDEG,G41E + V54G,2,0.0,-2.0
VDEH,G41E + V54H,2,0.00489434526448,-1.826978583034579
VDEI,G41E + V54I,2,0.0,-2.0
VDEK,G41E + V54K,2,0.0,-2.0
VDEL,G41E + V54L,2,0.00537418303551,-1.813207952794604
VDEN,G41E + V54N,2,0.0,-2.0
VDEQ,G41E + V54Q,2,0.0109633333924,-1.6785396587674388
VDER,G41E + V54R,2,0.00315038315875,-1.8810615930824692
VDET,G41E + V54T,2,0.0,-2.0
VDEV,G41E,1,0.00643456626514,-1.7842417531668997
VDEW,G41E + V54W,2,0.0,-2.0
VDEY,G41E + V54Y,2,0.0,-2.0
VDFC,G41F + V54C,2,0.116391553139,-0.8982819493740535
VDFE,G41F + V54E,2,0.0,-2.0
VDFF,G41F + V54F,2,0.00507561731132,-1.8217248954789629
VDFG,G41F + V54G,2,2.65086706264,0.4250231776689905
VDFH,G41F + V54H,2,0.00294713263238,-1.8878264029973582
VDFI,G41F + V54I,2,0.00830555560034,-1.7374170851107782
VDFL,G41F + V54L,2,0.00777541375351,-1.750180281525063
VDFM,G41F + V54M,2,0.0184775281895,-1.5454977095663611
VDFN,G41F + V54N,2,0.00274083334811,-1.8948021648853388
VDFP,G41F + V54P,2,0.0538549710506,-1.1948052876596345
VDFQ,G41F + V54Q,2,0.00489434526448,-1.826978583034579
VDFS,G41F + V54S,2,0.068250000368,-1.106515651739081
VDFT,G41F + V54T,2,0.52354199501,-0.2728313916409572
VDFV,G41F,1,0.0670220937213,-1.113384679958311
VDFY,G41F + V54Y,2,0.0,-2.0
VDGA,V54A,1,1.37294933339,0.14080626931233642
VDGC,V54C,1,1.41393590647,0.1534904414828223
VDGD,V54D,1,0.0315419914958,-1.381512687509512
VDGE,V54E,1,0.0353071305266,-1.3438334424759883
VDGG,V54G,1,0.265820485664,-0.5593734811607695
VDGH,V54H,1,0.161839956365,-0.7648758462601131
VDGI,V54I,1,0.377105030763,-0.4121711846138434
VDGK,V54K,1,0.007655337403,-1.7531239784202886
VDGL,V54L,1,0.380472898221,-0.4084091040697255
VDGM,V54M,1,0.585648853727,-0.22500968964055942
VDGN,V54N,1,0.225092059946,-0.6287620385903723
VDGP,V54P,1,0.00755619465913,-1.7555696124410234
VDGR,V54R,1,0.00616756669599,-1.791355338784082
VDGS,V54S,1,0.495759851542,-0.2960556489849203
VDGT,V54T,1,0.615188984875,-0.2039886823645388
VDGV,WT,0,1.0,0.004321373782642578
VDGY,V54Y,1,0.0285262579339,-1.4142431720817732
VDHA,G41H + V54A,2,0.0219266667849,-1.4958464204047601
VDHC,G41H + V54C,2,0.0228402779009,-1.4835931764516002
VDHF,G41H + V54F,2,0.0,-2.0
VDHH,G41H + V54H,2,0.0,-2.0
VDHI,G41H + V54I,2,0.0,-2.0
VDHL,G41H + V54L,2,0.0119166667309,-1.6592254962850372
VDHN,G41H + V54N,2,0.021083333447,-1.5074724126507935
VDHP,G41H + V54P,2,0.00685208337028,-1.773346401007153
VDHR,G41H + V54R,2,0.0,-2.0
VDHS,G41H + V54S,2,0.0562222225254,-1.1789962477108067
VDHV,G41H,1,0.0043470085562,-1.843238642690843
VDHY,G41H + V54Y,2,0.0,-2.0
VDIA,G41I + V54A,2,0.0,-2.0
VDIC,G41I + V54C,2,0.00527083336175,-1.8161372619263043
VDIE,G41I + V54E,2,0.00480847955809,-1.8294895298264717
VDIF,G41I + V54F,2,0.00338374487421,-1.8734223506453953
VDIG,G41I + V54G,2,0.0452096222369,-1.2579852244409353
VDII,G41I + V54I,2,0.00489434526448,-1.826978583034579
VDIK,G41I + V54K,2,0.0,-2.0
VDIL,G41I + V54L,2,0.00127480620842,-1.9478909140475293
VDIM,G41I + V54M,2,0.0,-2.0
VDIN,G41I + V54N,2,0.0,-2.0
VDIQ,G41I + V54Q,2,0.0,-2.0
VDIR,G41I + V54R,2,0.0,-2.0
VDIS,G41I + V54S,2,0.00284024181151,-1.8914267974185996
VDIT,G41I + V54T,2,0.00867352325352,-1.7287737331916115
VDIV,G41I,1,0.00342405539668,-1.8721162643205895
VDIW,G41I + V54W,2,0.00668495938564,-1.7776748461631533
VDIY,G41I + V54Y,2,0.0,-2.0
VDKA,G41K + V54A,2,0.0,-2.0
VDKC,G41K + V54C,2,0.0,-2.0
VDKE,G41K + V54E,2,0.0,-2.0
VDKF,G41K + V54F,2,0.0,-2.0
VDKG,G41K + V54G,2,0.0,-2.0
VDKH,G41K + V54H,2,0.0,-2.0
VDKI,G41K + V54I,2,0.0,-2.0
VDKK,G41K + V54K,2,0.0,-2.0
VDKL,G41K + V54L,2,0.00409079604196,-1.8510644712721203
VDKN,G41K + V54N,2,0.0,-2.0
VDKP,G41K + V54P,2,0.0,-2.0
VDKQ,G41K + V54Q,2,0.021083333447,-1.5074724126507935
VDKR,G41K + V54R,2,0.0,-2.0
VDKS,G41K + V54S,2,0.0,-2.0
VDKT,G41K + V54T,2,0.00870105824797,-1.7281338170864942
VDKV,G41K,1,0.00407538712684,-1.851539651557375
VDKY,G41K + V54Y,2,0.0,-2.0
VDLE,G41L + V54E,2,0.0,-2.0
VDLF,G41L + V54F,2,0.0140555556313,-1.6187846073824648
VDLG,G41L + V54G,2,3.14527339094,0.49903699496927456
VDLH,G41L + V54H,2,0.0132088354126,-1.6343466512963796
VDLI,G41L + V54I,2,0.0,-2.0
VDLM,G41L + V54M,2,0.0171302084257,-1.5665468697922669
VDLN,G41L + V54N,2,0.0167806123354,-1.5721794971206866
VDLP,G41L + V54P,2,0.166531646468,-0.7531774282113922
VDLQ,G41L + V54Q,2,0.0,-2.0
VDLR,G41L + V54R,2,0.0,-2.0
VDLS,G41L + V54S,2,0.0187530702765,-1.5413157741761476
VDLV,G41L,1,0.00977006063242,-1.7039919987548633
VDLW,G41L + V54W,2,0.0,-2.0
VDLY,G41L + V54Y,2,0.00517138367568,-1.818974808448025
VDMA,G41M + V54A,2,1.19865778424,0.08230335342118818
VDMC,G41M + V54C,2,0.0767433337471,-1.0617638909243154
VDME,G41M + V54E,2,0.0,-2.0
VDMF,G41M + V54F,2,0.0,-2.0
VDMG,G41M + V54G,2,1.08850238682,0.040801004890237906
VDMH,G41M + V54H,2,0.0,-2.0
VDML,G41M + V54L,2,0.0114201389505,-1.6691777162660828
VDMM,G41M + V54M,2,0.0105416667235,-1.6873643212327987
VDMN,G41M + V54N,2,0.0241838236598,-1.4661793605305897
VDMP,G41M + V54P,2,0.0198132531189,-1.5255906326723714
VDMQ,G41M + V54Q,2,0.0,-2.0
VDMT,G41M + V54T,2,0.165320106711,-0.7561682736786741
VDMV,G41M,1,0.0131103160049,-1.636194116042049
VDMW,G41M + V54W,2,0.0,-2.0
VDNA,G41N + V54A,2,0.259400299018,-0.5696019265722191
VDNC,G41N + V54C,2,0.0144254386743,-1.6121576277272223
VDNE,G41N + V54E,2,0.0,-2.0
VDNF,G41N + V54F,2,0.0,-2.0
VDNG,G41N + V54G,2,0.066563095597,-1.115980515493536
VDNH,G41N + V54H,2,0.0,-2.0
VDNI,G41N + V54I,2,0.00571006947523,-1.803821894358989
VDNL,G41N + V54L,2,0.00358278869034,-1.8670110556453001
VDNN,G41N + V54N,2,0.0,-2.0
VDNP,G41N + V54P,2,0.00182722223207,-1.9271172427717496
VDNQ,G41N + V54Q,2,0.0,-2.0
VDNR,G41N + V54R,2,0.0,-2.0
VDNS,G41N + V54S,2,0.00796753880265,-1.7455114085689698
VDNT,G41N + V54T,2,0.00818159208391,-1.7403680901468876
VDNW,G41N + V54W,2,0.0,-2.0
VDPA,G41P + V54A,2,0.00990662655944,-1.701002330668254
VDPE,G41P + V54E,2,0.0,-2.0
VDPF,G41P + V54F,2,0.0,-2.0
VDPG,G41P + V54G,2,0.0105416667235,-1.6873643212327987
VDPH,G41P + V54H,2,0.0,-2.0
VDPI,G41P + V54I,2,0.0,-2.0
VDPK,G41P + V54K,2,0.0,-2.0
VDPL,G41P + V54L,2,0.0,-2.0
VDPM,G41P + V54M,2,0.0,-2.0
VDPN,G41P + V54N,2,0.00856510421285,-1.7313026085741718
VDPQ,G41P + V54Q,2,0.0,-2.0
VDPR,G41P + V54R,2,0.00571006947523,-1.803821894358989
VDPS,G41P + V54S,2,0.00307958803159,-1.8834059347904066
VDPT,G41P + V54T,2,0.0,-2.0
VDPV,G41P,1,0.00490471616607,-1.8266762899220765
VDPY,G41P + V54Y,2,0.0,-2.0
VDQA,G41Q + V54A,2,0.0144254386743,-1.6121576277272223
VDQH,G41Q + V54H,2,0.0,-2.0
VDQI,G41Q + V54I,2,0.0,-2.0
VDQL,G41Q + V54L,2,0.0,-2.0
VDQP,G41Q + V54P,2,0.0,-2.0
VDQQ,G41Q + V54Q,2,0.0,-2.0
VDQR,G41Q + V54R,2,0.0316250001705,-1.3806457517067117
VDQV,G41Q,1,0.00417937533459,-1.848342901361433
VDQY,G41Q + V54Y,2,0.0274083334811,-1.4270316389304651
VDRA,G41R + V54A,2,0.00698301489965,-1.7699852093774937
VDRC,G41R + V54C,2,0.00517138367568,-1.818974808448025
VDRE,G41R + V54E,2,0.00517138367568,-1.818974808448025
VDRF,G41R + V54F,2,0.0,-2.0
VDRG,G41R + V54G,2,0.0164450000887,-1.577656427188316
VDRH,G41R + V54H,2,0.00282560138981,-1.8919222617598097
VDRI,G41R + V54I,2,0.00583156031513,-1.8004762801561591
VDRK,G41R + V54K,2,0.0,-2.0
VDRL,G41R + V54L,2,0.00274083334811,-1.8948021648853388
VDRN,G41R + V54N,2,0.0,-2.0
VDRP,G41R + V54P,2,0.00183948546853,-1.9266671711801382
VDRQ,G41R + V54Q,2,0.00326289684299,-1.8773616082448126
VDRR,G41R + V54R,2,0.00162179488054,-1.9347267939321566
VDRS,G41R + V54S,2,0.0,-2.0
VDRT,G41R + V54T,2,0.00181512142259,-1.927561810816221
VDRV,G41R,1,0.00435243639048,-1.843074369234755
VDRY,G41R + V54Y,2,0.00548166669622,-1.8101822866759159
VDSA,G41S + V54A,2,1.29241667363,0.11474994744926492
VDSC,G41S + V54C,2,0.0913611116037,-0.9941286352920797
VDSE,G41S + V54E,2,0.00238333334618,-1.9071624361725243
VDSF,G41S + V54F,2,0.0,-2.0
VDSH,G41S + V54H,2,0.00219266667849,-1.9139012987215367
VDSI,G41S + V54I,2,0.00865526320456,-1.7291986191784114
VDSK,G41S + V54K,2,0.0,-2.0
VDSL,G41S + V54L,2,0.0153548086729,-1.5959396622850008
VDSN,G41S + V54N,2,0.0074750000403,-1.757582814580732
VDSQ,G41S + V54Q,2,0.00468518521045,-1.833120571758192
VDSR,G41S + V54R,2,0.0019718225526,-1.9218397289349012
VDST,G41S + V54T,2,0.0196475508825,-1.5280111769083848
VDSV,G41S,1,0.0138843009535,-1.6218874651396926
VDSY,G41S + V54Y,2,0.0,-2.0
VDTA,G41T + V54A,2,0.031696712189,-1.3798981880590455
VDTC,G41T + V54C,2,0.00609074077358,-1.7934239617137355
VDTE,G41T + V54E,2,0.00391547621159,-1.856501926769614
VDTF,G41T + V54F,2,0.00548166669622,-1.8101822866759159
VDTH,G41T + V54H,2,0.0,-2.0
VDTI,G41T + V54I,2,0.0,-2.0
VDTK,G41T + V54K,2,0.0049833333602,-1.8243915578716798
VDTL,G41T + V54L,2,0.00259794630153,-1.8997002471529114
VDTM,G41T + V54M,2,0.0,-2.0
VDTN,G41T + V54N,2,0.0,-2.0
VDTP,G41T + V54P,2,0.0,-2.0
VDTQ,G41T + V54Q,2,0.0,-2.0
VDTR,G41T + V54R,2,0.00156619048463,-1.9368096595386946
VDTT,G41T + V54T,2,0.00316859346602,-1.8804606094396834
VDTV,G41T,1,0.00410704837872,-1.8505638442845258
VDTW,G41T + V54W,2,0.0,-2.0
VDTY,G41T + V54Y,2,0.00415277780017,-1.8491583117377106
VDVE,G41V + V54E,2,0.00206077695347,-1.9186247141083055
VDVF,G41V + V54F,2,0.0,-2.0
VDVG,G41V + V54G,2,0.29738041827,-0.5123238027704358
VDVH,G41V + V54H,2,0.0,-2.0
VDVI,G41V + V54I,2,0.00517138367568,-1.818974808448025
VDVK,G41V + V54K,2,0.0,-2.0
VDVL,G41V + V54L,2,0.00540953950285,-1.8122103395008804
VDVM,G41V + V54M,2,0.00480847955809,-1.8294895298264717
VDVP,G41V + V54P,2,0.00240952382252,-1.9062448829025274
VDVQ,G41V + V54Q,2,0.0,-2.0
VDVS,G41V + V54S,2,0.00488189145974,-1.8273418672899235
VDVT,G41V + V54T,2,0.0621930522263,-1.1415045964050048
VDVW,G41V + V54W,2,0.0,-2.0
VDVY,G41V + V54Y,2,0.0074076576976,-1.759259661820211
VDWA,G41W + V54A,2,0.0274083334811,-1.4270316389304651
VDWF,G41W + V54F,2,0.0,-2.0
VDWG,G41W + V54G,2,0.0228402779009,-1.4835931764516002
VDWL,G41W + V54L,2,0.0,-2.0
VDWM,G41W + V54M,2,0.0,-2.0
VDWN,G41W + V54N,2,0.0,-2.0
VDWQ,G41W + V54Q,2,0.0,-2.0
VDWR,G41W + V54R,2,0.0,-2.0
VDWS,G41W + V54S,2,0.0,-2.0
VDWT,G41W + V54T,2,0.010748366071,-1.6830160981947055
VDWV,G41W,1,0.00752123766976,-1.756435219277399
VDWW,G41W + V54W,2,0.0,-2.0
VDWY,G41W + V54Y,2,0.0,-2.0
VDYA,G41Y + V54A,2,0.266574202351,-0.5581883314541505
VDYC,G41Y + V54C,2,0.0411125002217,-1.2914728745538593
VDYE,G41Y + V54E,2,0.0,-2.0
VDYF,G41Y + V54F,2,0.0105416667235,-1.6873643212327987
VDYG,G41Y + V54G,2,1.04866667232,0.02475924135455062
VDYI,G41Y + V54I,2,0.0,-2.0
VDYK,G41Y + V54K,2,0.0,-2.0
VDYM,G41Y + V54M,2,0.0,-2.0
VDYN,G41Y + V54N,2,0.0357500001928,-1.3396088997673257
VDYP,G41Y + V54P,2,0.088210728445,-1.0078410677123917
VDYQ,G41Y + V54Q,2,0.00721271933713,-1.7641505126000414
VDYR,G41Y + V54R,2,0.0,-2.0
VDYS,G41Y + V54S,2,0.0282560138981,-1.417300283452604
VDYT,G41Y + V54T,2,0.0880982147607,-1.0083388960515667
VDYV,G41Y,1,0.0137144740659,-1.6249865025874954
VDYW,G41Y + V54W,2,0.0,-2.0
VDYY,G41Y + V54Y,2,0.0,-2.0
VEAV,D40E + G41A,2,0.0733884339112,-1.0788941824183949
VECV,D40E + G41C,2,0.0332222224013,-1.3642929063142535
VEDV,D40E + G41D,2,0.00318701552106,-1.8798534826488684
VEEV,D40E + G41E,2,0.00945114947625,-1.7110547287114568
VEFV,D40E + G41F,2,0.0958542810268,-0.9752915732731039
VEGC,D40E + V54C,2,0.685208337028,-0.1578850284127477
VEGE,D40E + V54E,2,0.0161225491065,-1.5829844457403812
VEGF,D40E + V54F,2,0.608824456835,-0.20843253068922685
VEGH,D40E + V54H,2,0.0217526456199,-1.498220083592282
VEGI,D40E + V54I,2,0.117740024109,-0.8936730062115027
VEGL,D40E + V54L,2,0.281475623924,-0.535397759388516
VEGM,D40E + V54M,2,1.06686201292,0.032160057182176134
VEGN,D40E + V54N,2,0.107551688344,-0.9297711289106527
VEGP,D40E + V54P,2,0.00414231740269,-1.8494794199070572
VEGQ,D40E + V54Q,2,0.0332702313933,-1.3638107823477366
VEGR,D40E + V54R,2,0.00317777779491,-1.8801578198464617
VEGS,D40E + V54S,2,0.175725201531,-0.7311291617247034
VEGT,D40E + V54T,2,0.157712756902,-0.7754339019649781
VEGY,D40E + V54Y,2,0.0112329235578,-1.6729902037800826
VEIV,D40E + G41I,2,0.00315038315875,-1.8810615930824692
VEKV,D40E + G41K,2,0.0,-2.0
VENV,D40E + G41N,2,0.00647440948373,-1.7831901435050468
VEPV,D40E + G41P,2,0.0,-2.0
VEQV,D40E + G41Q,2,0.0124583334005,-1.6486224752260126
VERV,D40E + G41R,2,0.0,-2.0
VESV,D40E + G41S,2,0.0143672715828,-1.6131930962921253
VETV,D40E + G41T,2,0.00153979401579,-1.9378019432257088
VEWV,D40E + G41W,2,0.0,-2.0
VEYV,D40E + G41Y,2,0.0283534484287,-1.4161955817482168
VFAV,D40F + G41A,2,0.336364962866,-0.4604660462261518
VFCV,D40F + G41C,2,0.0853617890781,-1.0206256097487845
VFDV,D40F + G41D,2,0.0109990058438,-1.677801265588556
VFEV,D40F + G41E,2,0.0135807057789,-1.6274432004582917
VFFV,D40F + G41F,2,0.0588677832273,-1.161983896216737
VFGC,D40F + V54C,2,3.7035178707,0.5697855182281136
VFGD,D40F + V54D,2,0.694344448188,-0.15221490426181897
VFGE,D40F + V54E,2,0.168709782777,-0.7478516730691744
VFGF,D40F + V54F,2,2.88828138812,0.46214054793131426
VFGG,D40F + V54G,2,0.819555364906,-0.08115462365918315
VFGH,D40F + V54H,2,0.250921362855,-0.5834903617191485
VFGL,D40F + V54L,2,2.66429713738,0.4272096594537235
VFGN,D40F + V54N,2,3.09427593268,0.49196031784199934
VFGQ,D40F + V54Q,2,0.451043511318,-0.3362580858173289
VFGR,D40F + V54R,2,0.00924084068817,-1.7157759562973305
VFGS,D40F + V54S,2,0.796292944283,-0.09350714061285872
VFGV,D40F,1,3.05454865106,0.48636652035909655
VFGW,D40F + V54W,2,0.971786064091,-0.007983136761850378
VFGY,D40F + V54Y,2,0.150400350951,-0.7947946858279402
VFHV,D40F + G41H,2,0.0150978108159,-1.6003641586798554
VFIV,D40F + G41I,2,0.00275460638001,-1.8943329396121993
VFLV,D40F + G41L,2,0.0130404985127,-1.6375081285920285
VFMV,D40F + G41M,2,0.0153164216512,-1.596597679656344
VFNV,D40F + G41N,2,0.0124441922729,-1.6488960194774998
VFPV,D40F + G41P,2,0.00536462043225,-1.8134781640906796
VFQV,D40F + G41Q,2,0.00970206494907,-1.705488253585167
VFRV,D40F + G41R,2,0.00428770559873,-1.8450375070952458
VFSV,D40F + G41S,2,0.0350997589123,-1.3458257797038047
VFVV,D40F + G41V,2,0.0086416185437,-1.7295163830720959
VFWV,D40F + G41W,2,0.00794444448728,-1.7460699817354899
VFYV,D40F + G41Y,2,0.0107063802661,-1.6838958145713472
VGAV,D40G + G41A,2,0.141545384175,-0.819457286995834
VGCV,D40G + G41C,2,0.204870371475,-0.6678234653462731
VGDV,D40G + G41D,2,0.0845090282334,-1.0245267023408633
VGEV,D40G + G41E,2,0.676366939131,-0.163443643718164
VGFV,D40G + G41F,2,0.0372211936163,-1.3258630394000077
VGGA,D40G + V54A,2,0.165091131494,-0.7567358507227147
VGGE,D40G + V54E,2,0.00261031747439,-1.899273979593443
VGGG,D40G + V54G,2,0.0753729170731,-1.0686798790901362
VGGH,D40G + V54H,2,0.0199054935896,-1.524249025170598
VGGI,D40G + V54I,2,0.156619048463,-0.7782753500512412
VGGK,D40G + V54K,2,0.0,-2.0
VGGL,D40G + V54L,2,0.287856366711,-0.5259931123759353
VGGN,D40G + V54N,2,0.149500000806,-0.7972393104121834
VGGQ,D40G + V54Q,2,0.0186451248171,-1.5429492810331615
VGGR,D40G + V54R,2,0.00165110442657,-1.933632905227569
VGGS,D40G + V54S,2,0.107972222804,-0.9282202376348928
VGGV,D40G,1,0.864025848061,-0.05847572353920449
VGGW,D40G + V54W,2,0.0870617651753,-1.01295181482455
VGGY,D40G + V54Y,2,0.00238333334618,-1.9071624361725243
VGHV,D40G + G41H,2,0.0685208337028,-1.1050150978824822
VGLV,D40G + G41L,2,0.0183304141116,-1.5477470772597133
VGMV,D40G + G41M,2,0.0394106755938,-1.306179207947186
VGNV,D40G + G41N,2,0.110865169137,-0.9176988358721949
VGPV,D40G + G41P,2,0.0394513891016,-1.3058215044573684
VGQV,D40G + G41Q,2,0.534111113991,-0.2643124031224589
VGRV,D40G + G41R,2,0.0739589951078,-1.0759327680618749
VGSV,D40G + G41S,2,0.470580002537,-0.3182343046276706
VGTV,D40G + G41T,2,0.213692091548,-0.6503493697602186
VGVV,D40G + G41V,2,0.0823984709084,-1.0343352158095365
VGYV,D40G + G41Y,2,0.0217526456199,-1.498220083592282
VHAV,D40H + G41A,2,0.457962027786,-0.32978938579780737
VHCV,D40H + G41C,2,0.130257426445,-0.8530741341452739
VHDV,D40H + G41D,2,0.0219943416824,-1.4949268214737113
VHEV,D40H + G41E,2,0.0382441862527,-1.3165550145584857
VHFV,D40H + G41F,2,0.406186563752,-0.3807119447456236
VHGA,D40H + V54A,2,2.7888749214,0.4469834907635767
VHGC,D40H + V54C,2,3.15825911665,0.5008206932234457
VHGF,D40H + V54F,2,3.08641668331,0.49085939874393575
VHGG,D40H + V54G,2,1.56704167512,0.1978431702062013
VHGI,D40H + V54I,2,1.24635790146,0.0991133754581334
VHGL,D40H + V54L,2,2.44217062794,0.3895506861541327
VHGM,D40H + V54M,2,4.77448984763,0.679835637375001
VHGN,D40H + V54N,2,1.93634800427,0.2892204941141692
VHGP,D40H + V54P,2,0.0181550926905,-1.550443038562489
VHGQ,D40H + V54Q,2,0.426890857759,-0.35962704310540106
VHGS,D40H + V54S,2,1.15822312452,0.06752579867823008
VHGT,D40H + V54T,2,1.2615980252,0.10434984478110523
VHGV,D40H,1,3.08116580765,0.49012230089512504
VHGW,D40H + V54W,2,1.3481334761,0.1329424541013939
VHGY,D40H + V54Y,2,0.258932999721,-0.5703559039224348
VHHV,D40H + G41H,2,0.0296306307904,-1.401969015058953
VHIV,D40H + G41I,2,0.00313238096927,-1.8816565269134693
VHKV,D40H + G41K,2,0.00507561731132,-1.8217248954789629
VHLV,D40H + G41L,2,0.0318379631346,-1.378429467088594
VHMV,D40H + G41M,2,0.0176827957943,-1.5577900508944111
VHPV,D40H + G41P,2,0.0,-2.0
VHQV,D40H + G41Q,2,0.0,-2.0
VHRV,D40H + G41R,2,0.00198611112182,-1.9213217003280423
VHSV,D40H + G41S,2,0.0674262516947,-1.1111117649869047
VHYV,D40H + G41Y,2,0.0669273259422,-1.1139193637370994
VIAV,D40I + G41A,2,0.34479960838,-0.4500168682047387
VICV,D40I + G41C,2,0.224250001209,-0.630320398198724
VIDV,D40I + G41D,2,0.0106884865943,-1.684271277714348
VIEV,D40I + G41E,2,0.00705793995222,-1.7680734187373461
VIFV,D40I + G41F,2,0.270322328502,-0.5523423080228235
VIGA,D40I + V54A,2,1.92980590237,0.2877582764524743
VIGC,D40I + V54C,2,1.95393139281,0.29312631224702773
VIGE,D40I + V54E,2,0.0868888893574,-1.0137260224067048
VIGG,D40I + V54G,2,0.620640628346,-0.20021805373068458
VIGH,D40I + V54H,2,0.0584262465948,-1.1647772818343716
VIGI,D40I + V54I,2,0.547191284089,-0.253995685682492
VIGL,D40I + V54L,2,0.759897565073,-0.1135670538962366
VIGM,D40I + V54M,2,0.927353995113,-0.028096365258792392
VIGN,D40I + V54N,2,1.09770833925,0.04442542525831362
VIGP,D40I + V54P,2,0.0106765019955,-1.684522932335792
VIGV,D40I,1,1.79171333093,0.2556856919154323
VIGY,D40I + V54Y,2,0.0316456296553,-1.3804305672745731
VIHV,D40I + G41H,2,0.00297916668273,-1.886753190178924
VIIV,D40I + G41I,2,0.00401097563138,-1.8535316222751004
VIKV,D40I + G41K,2,0.00204539802098,-1.9191788448595481
VILV,D40I + G41L,2,0.0297125739065,-1.4010719639267033
VINV,D40I + G41N,2,0.00936309528858,-1.7130252173116876
VIPV,D40I + G41P,2,0.00253780865566,-1.9017783623822977
VIQV,D40I + G41Q,2,0.0222229730928,-1.4918343913460868
VIRV,D40I + G41R,2,0.00320565303873,-1.8792401174328768
VISV,D40I + G41S,2,0.047419262078,-1.240942393126729
VITV,D40I + G41T,2,0.00195308789652,-1.9225198869180402
VIVV,D40I + G41V,2,0.0125332932886,-1.647175330577827
VIYV,D40I + G41Y,2,0.0364787172231,-1.332745866646489
VKAV,D40K + G41A,2,0.194603264627,-0.6890874410139842
VKCV,D40K + G41C,2,0.100775371347,-0.9555567854292085
VKDV,D40K + G41D,2,0.0093361719887,-1.7136294996809205
VKEV,D40K + G41E,2,0.00622916670025,-1.7897037788043286
VKFV,D40K + G41F,2,0.111831171987,-0.9142415779602195
VKGD,D40K + V54D,2,0.0548166669622,-1.1883133052560066
VKGE,D40K + V54E,2,0.0248747900501,-1.4574883982088838
VKGF,D40K + V54F,2,1.3185509859,0.1233782260177526
VKGG,D40K + V54G,2,0.594469576321,-0.21862555281547114
VKGH,D40K + V54H,2,0.0348614767962,-1.3481264339656258
VKGI,D40K + V54I,2,0.318831634372,-0.48302640897769106
VKGK,D40K + V54K,2,0.011465637512,-1.6682562087996213
VKGL,D40K + V54L,2,0.702599929356,-0.14715422503903197
VKGM,D40K + V54M,2,1.78465082405,0.25397996269720563
VKGN,D40K + V54N,2,0.344885154989,-0.4499121670125141
VKGP,D40K + V54P,2,0.0114134409218,-1.6693135403992243
VKGQ,D40K + V54Q,2,0.0818503334241,-1.0369192628314017
VKGR,D40K + V54R,2,0.00335441103287,-1.8743752608297983
VKGT,D40K + V54T,2,0.684106968863,-0.15857359524098782
VKGV,D40K,1,1.13788477532,0.05989829576735617
VKGW,D40K + V54W,2,0.371721164006,-0.4182537605219165
VKGY,D40K + V54Y,2,0.0551458961932,-1.1861129370777634
VKHV,D40K + G41H,2,0.00830555560034,-1.7374170851107782
VKKV,D40K + G41K,2,0.00179139434517,-1.9284348360747212
VKLV,D40K + G41L,2,0.0310591452967,-1.3865900953158963
VKMV,D40K + G41M,2,0.0121974258947,-1.6536973852135244
VKNV,D40K + G41N,2,0.017479804516,-1.560986361056609
VKPV,D40K + G41P,2,0.00416540022509,-1.848771150540465
VKQV,D40K + G41Q,2,0.00480847955809,-1.8294895298264717
VKTV,D40K + G41T,2,0.00325735712,-1.8775430447547479
VKVV,D40K + G41V,2,0.00473185040179,-1.8317426999452118
VKWV,D40K + G41W,2,0.0,-2.0
VKYV,D40K + G41Y,2,0.0119166667309,-1.6592254962850372
VLAV,D40L + G41A,2,0.0803397711563,-1.044121013903936
VLCV,D40L + G41C,2,0.0482589865,-1.2346370748282618
VLDV,D40L + G41D,2,0.00387316433233,-1.8578244693282133
VLEV,D40L + G41E,2,0.0042456970969,-1.8463162942005904
VLFV,D40L + G41F,2,0.0535092022909,-1.1971633421945742
VLGC,D40L + V54C,2,0.840960869751,-0.07009040988243218
VLGD,D40L + V54D,2,0.049833333602,-1.2230567998552333
VLGE,D40L + V54E,2,0.0113454975194,-1.6706937182359085
VLGF,D40L + V54F,2,0.450517546289,-0.33675381799412873
VLGG,D40L + V54G,2,0.142643255423,-0.816322380341966
VLGH,D40L + V54H,2,0.0197580953446,-1.5263948690872238
VLGI,D40L + V54I,2,0.191202781972,-0.6963660187118572
VLGK,D40L + V54K,2,0.00378733335375,-1.860519723798113
VLGL,D40L + V54L,2,0.340455342963,-0.45536731447438883
VLGM,D40L + V54M,2,0.704785718086,-0.14582413358442148
VLGP,D40L + V54P,2,0.00596949651931,-1.7967087759299125
VLGQ,D40L + V54Q,2,0.0276515648385,-1.424216969354304
VLGR,D40L + V54R,2,0.00301927786206,-1.885413104033581
VLGS,D40L + V54S,2,0.234408135566,-0.6118843419130541
VLGT,D40L + V54T,2,0.303688591117,-0.5035012763453982
VLGV,D40L,1,0.907305261163,-0.03748611560882428
VLGW,D40L + V54W,2,0.0517417298726,-1.209421206671223
VLHV,D40L + G41H,2,0.00411125002217,-1.8504345132701023
VLIV,D40L + G41I,2,0.00250992064845,-1.9027454450667394
VLKV,D40L + G41K,2,0.00106440130024,-1.9560720809718466
VLLV,D40L + G41L,2,0.013595149036,-1.6271772751420537
VLMV,D40L + G41M,2,0.0066747844094,-1.7779397724286972
VLNV,D40L + G41N,2,0.00382664341796,-1.8592832372432695
VLPV,D40L + G41P,2,0.00217526456199,-1.9145215930238795
VLQV,D40L + G41Q,2,0.00114201389505,-1.953036304273652
VLRV,D40L + G41R,2,0.0021397563399,-1.9157900300069601
VLTV,D40L + G41T,2,0.00150285584543,-1.9391943227824682
VLVV,D40L + G41V,2,0.00466983401382,-1.833574800082407
VLWV,D40L + G41W,2,0.0030529084323,-1.884292708604208
VLYV,D40L + G41Y,2,0.00728299383909,-1.762381024867772
VMAV,D40M + G41A,2,0.103909005479,-0.9434419398784731
VMCV,D40M + G41C,2,0.0451785716722,-1.2582295456638362
VMEV,D40M + G41E,2,0.00622916670025,-1.7897037788043286
VMFV,D40M + G41F,2,0.03596128861,-1.3376078035614931
VMGA,D40M + V54A,2,0.93996734741,-0.022291322167329392
VMGC,D40M + V54C,2,1.13273909529,0.05794708567961307
VMGD,D40M + V54D,2,0.114201389505,-0.9058735454559081
VMGE,D40M + V54E,2,0.0237935449252,-1.4711662485713082
VMGF,D40M + V54F,2,0.905936192284,-0.03813477993933262
VMGG,D40M + V54G,2,0.214212648909,-0.6493398904189013
VMGH,D40M + V54H,2,0.0274627150952,-1.4264007505023477
VMGI,D40M + V54I,2,0.290795733275,-0.521728328413725
VMGK,D40M + V54K,2,0.00651169909918,-1.78220823434288
VMGL,D40M + V54L,2,0.598922842735,-0.21543773379950165
VMGM,D40M + V54M,2,1.76140494147,0.24831785184124905
VMGN,D40M + V54N,2,0.361744066196,-0.4297559549886606
VMGQ,D40M + V54Q,2,0.0510065398864,-1.214623606229659
VMGR,D40M + V54R,2,0.00436966284196,-1.8425534216774722
VMGS,D40M + V54S,2,0.320233441113,-0.4811789499845857
VMGT,D40M + V54T,2,0.356798617042,-0.4355723104397492
VMGV,D40M,1,1.09352879961,0.04278367175095311
VMGW,D40M + V54W,2,0.209820858005,-0.6579311013270118
VMGY,D40M + V54Y,2,0.0255968631648,-1.4485882708541018
VMHV,D40M + G41H,2,0.00575805325233,-1.8024974362114827
VMIV,D40M + G41I,2,0.00233593751259,-1.9088278391963351
VMKV,D40M + G41K,2,0.00111870748902,-1.953945695039168
VMLV,D40M + G41L,2,0.0120586618432,-1.6564208369430287
VMMV,D40M + G41M,2,0.00550167277906,-1.8096214347641095
VMNV,D40M + G41N,2,0.0130698925436,-1.6369544283584145
VMPV,D40M + G41P,2,0.000742773265071,-1.9688835903084285
VMQV,D40M + G41Q,2,0.00970206494907,-1.705488253585167
VMRV,D40M + G41R,2,0.00490782830929,-1.8265856175788713
VMSV,D40M + G41S,2,0.0188598854171,-1.5397053975259611
VMTV,D40M + G41T,2,0.00246287977366,-1.9043815944903641
VMYV,D40M + G41Y,2,0.0108190790057,-1.6815384867173866
VNAV,D40N + G41A,2,0.268709151776,-0.5548487704307191
VNCV,D40N + G41C,2,0.161614656044,-0.7654456257691432
VNDV,D40N + G41D,2,0.00690137893409,-1.7720778611238548
VNEV,D40N + G41E,2,0.00501984129691,-1.823334656162768
VNFV,D40N + G41F,2,0.300722103853,-0.5076278512190014
VNGA,D40N + V54A,2,2.69808032491,0.43266154189929823
VNGD,D40N + V54D,2,0.0322450982131,-1.3742236758859578
VNGE,D40N + V54E,2,0.048397614883,-1.2336048902900805
VNGG,D40N + V54G,2,0.821538099668,-0.08011784735065175
VNGH,D40N + V54H,2,0.141994980685,-0.8181707534815412
VNGI,D40N + V54I,2,0.43740142812,-0.34930263395497785
VNGK,D40N + V54K,2,0.00597013204539,-1.7966914929819204
VNGL,D40N + V54L,2,0.878759465834,-0.051215760734660415
VNGM,D40N + V54M,2,1.71593099381,0.23702342776005014
VNGN,D40N + V54N,2,0.642735881328,-0.18526251318966724
VNGP,D40N + V54P,2,0.011578551975,-1.665977701931457
VNGQ,D40N + V54Q,2,0.161066256012,-0.7668356495651139
VNGR,D40N + V54R,2,0.00483034870901,-1.828848637196947
VNGS,D40N + V54S,2,1.11275430865,0.050284730374101305
VNGT,D40N + V54T,2,0.926902964222,-0.028305387004647173
VNGW,D40N + V54W,2,0.868053688418,-0.056478928432370026
VNHV,D40N + G41H,2,0.00788729021039,-1.7474554467893593
VNIV,D40N + G41I,2,0.00133699187713,-1.945502164531964
VNKV,D40N + G41K,2,0.00286998256347,-1.8904220414867472
VNLV,D40N + G41L,2,0.039436451052,-1.3059527139680818
VNMV,D40N + G41M,2,0.0259657896137,-1.4441104005068532
VNNV,D40N + G41N,2,0.00915518446133,-1.7177136614751078
VNPV,D40N + G41P,2,0.00304537038679,-1.884543585812093
VNQV,D40N + G41Q,2,0.0,-2.0
VNRV,D40N + G41R,2,0.00174946809454,-1.9299817937186219
VNSV,D40N + G41S,2,0.0284637302196,-1.4149486000967222
VNVV,D40N + G41V,2,0.0113951495873,-1.6696846727364005
VNWV,D40N + G41W,2,0.0146830357935,-1.6076014270016625
VNYV,D40N + G41Y,2,0.0417083335582,-1.2864394583242376
VPAV,D40P + G41A,2,0.00903571433443,-1.7204308212042116
VPDV,D40P + G41D,2,0.0,-2.0
VPEV,D40P + G41E,2,0.0,-2.0
VPFV,D40P + G41F,2,0.015514151027,-1.5932188780636078
VPGA,D40P + V54A,2,0.799109760406,-0.09199255983980617
VPGC,D40P + V54C,2,1.71213096161,0.23606617484232212
VPGF,D40P + V54F,2,0.0312426599267,-1.3846533328590471
VPGG,D40P + V54G,2,0.0605868424319,-1.1512762450071803
VPGH,D40P + V54H,2,0.0264974825195,-1.437737090765326
VPGI,D40P + V54I,2,0.0797537572606,-1.046947361987627
VPGK,D40P + V54K,2,0.00161225491065,-1.9350834391619656
VPGL,D40P + V54L,2,0.099381361859,-0.9610566737190425
VPGN,D40P + V54N,2,0.261737238648,-0.5658508421446651
VPGP,D40P + V54P,2,0.00228022741107,-1.9107935906493831
VPGQ,D40P + V54Q,2,0.0100497222764,-1.6978916387376806
VPGR,D40P + V54R,2,0.0046630435034,-1.8337758769290726
VPGS,D40P + V54S,2,0.088773894284,-1.0053578232921265
VPGT,D40P + V54T,2,0.120020568588,-0.8859879390957158
VPGV,D40P,1,0.402165979344,-0.3849278582456144
VPGW,D40P + V54W,2,0.00428255210642,-1.8451941828466607
VPGY,D40P + V54Y,2,0.0,-2.0
VPHV,D40P + G41H,2,0.00571006947523,-1.803821894358989
VPIV,D40P + G41I,2,0.00332894738637,-1.8752041463356839
VPKV,D40P + G41K,2,0.0,-2.0
VPLV,D40P + G41L,2,0.00797333337632,-1.7453713701537006
VPMV,D40P + G41M,2,0.0017347046507,-1.9305278366308252
VPNV,D40P + G41N,2,0.0,-2.0
VPPV,D40P + G41P,2,0.0,-2.0
VPRV,D40P + G41R,2,0.00307958803159,-1.8834059347904066
VPSV,D40P + G41S,2,0.00484032379357,-1.8285566233004797
VPTV,D40P + G41T,2,0.0,-2.0
VPWV,D40P + G41W,2,0.00246921923253,-1.9041607392736297
VPYV,D40P + G41Y,2,0.00812098769811,-1.7418181344655759
VQAV,D40Q + G41A,2,0.107972222804,-0.9282202376348928
VQCV,D40Q + G41C,2,0.0711361326991,-1.0907856965018845
VQDV,D40Q + G41D,2,0.0172845346277,-1.5640834492601836
VQEV,D40Q + G41E,2,0.00537418303551,-1.813207952794604
VQFV,D40Q + G41F,2,0.078081880266,-1.0551134231412949
VQGA,D40Q + V54A,2,0.944287109714,-0.02032094248114694
VQGC,D40Q + V54C,2,1.04469445008,0.0231266607104363
VQGF,D40Q + V54F,2,1.14104196833,0.06109115880081513
VQGG,D40Q + V54G,2,0.37111904962,-0.41893934317722925
VQGH,D40Q + V54H,2,0.0520758336141,-1.2070774396095192
VQGI,D40Q + V54I,2,0.20050391607,-0.6767398204374717
VQGK,D40Q + V54K,2,0.00579049298897,-1.8016043108373632
VQGL,D40Q + V54L,2,0.594269411707,-0.21876938930786213
VQGM,D40Q + V54M,2,1.63600130081,0.21643017409276488
VQGN,D40Q + V54N,2,0.217743982655,-0.6425530889290699
VQGP,D40Q + V54P,2,0.0109908104185,-1.677970793743078
VQGQ,D40Q + V54Q,2,0.0577017546971,-1.1694000751052196
VQGR,D40Q + V54R,2,0.00335886439719,-1.8742304585517653
VQGS,D40Q + V54S,2,0.450153999572,-0.3370967988150806
VQGT,D40Q + V54T,2,0.404014349663,-0.38298460604949436
VQGW,D40Q + V54W,2,0.409712201522,-0.3770484051591322
VQGY,D40Q + V54Y,2,0.0592155352987,-1.1597964180103015
VQHV,D40Q + G41H,2,0.00685208337028,-1.773346401007153
VQIV,D40Q + G41I,2,0.0,-2.0
VQKV,D40Q + G41K,2,0.0,-2.0
VQLV,D40Q + G41L,2,0.0190817511577,-1.5363794459825908
VQNV,D40Q + G41N,2,0.0100581040298,-1.6977101205833185
VQPV,D40Q + G41P,2,0.00772065731862,-1.751520172711105
VQQV,D40Q + G41Q,2,0.0124583334005,-1.6486224752260126
VQRV,D40Q + G41R,2,0.00600182484988,-1.7958304875289623
VQSV,D40Q + G41S,2,0.0231028098308,-1.4801351409004264
VQTV,D40Q + G41T,2,0.00468518521045,-1.833120571758192
VQVV,D40Q + G41V,2,0.00346940930141,-1.8706514497679734
VQWV,D40Q + G41W,2,0.0042166666894,-1.8472022185216568
VRAV,D40R + G41A,2,0.302390848127,-0.5053016977978195
VRCV,D40R + G41C,2,0.166790926166,-0.752540029012783
VRDV,D40R + G41D,2,0.00943201759471,-1.71148210497104
VREV,D40R + G41E,2,0.0136473029781,-1.6262183842505185
VRFV,D40R + G41F,2,0.189918475149,-0.699147069391113
VRGA,D40R + V54A,2,2.18901455283,0.3422281034821417
VRGC,D40R + V54C,2,2.26938777424,0.35781821455591933
VRGE,D40R + V54E,2,0.0706056460872,-1.093634536623757
VRGF,D40R + V54F,2,1.91003493557,0.28330913088440374
VRGI,D40R + V54I,2,0.452091194608,-0.3352723071133915
VRGK,D40R + V54K,2,0.00925175813708,-1.7155296030715201
VRGL,D40R + V54L,2,0.957079223267,-0.014537946994168494
VRGN,D40R + V54N,2,0.565407395522,-0.24002456056568755
VRGP,D40R + V54P,2,0.0126684364622,-1.6445784339650678
VRGQ,D40R + V54Q,2,0.1052185688,-0.9384775237121904
VRGS,D40R + V54S,2,1.18336815866,0.07677444585704653
VRGW,D40R + V54W,2,0.572858861948,-0.2344365960091796
VRGY,D40R + V54Y,2,0.0983888894194,-0.9650152335831269
VRHV,D40R + G41H,2,0.00750913246058,-1.7567353717301912
VRKV,D40R + G41K,2,0.0086189727928,-1.7300442826846678
VRLV,D40R + G41L,2,0.0413403604763,-1.2895410863401044
VRMV,D40R + G41M,2,0.0151966997519,-1.5986563391152684
VRNV,D40R + G41N,2,0.0158125000853,-1.588169929564354
VRSV,D40R + G41S,2,0.0320766285254,-1.3759590661802343
VRTV,D40R + G41T,2,0.00437367023635,-1.8424323230368294
VRWV,D40R + G41W,2,0.00668495938564,-1.7776748461631533
VRYV,D40R + G41Y,2,0.0305274416497,-1.3922508108274279
VSAV,D40S + G41A,2,0.278177950457,-0.5403392517010411
VSCV,D40S + G41C,2,0.155692308532,-0.7806976511439647
VSEV,D40S + G41E,2,0.00919742734265,-1.7167569674293648
VSFV,D40S + G41F,2,0.412455503842,-0.37421902743274155
VSGC,D40S + V54C,2,2.77022779271,0.4440803804734989
VSGD,D40S + V54D,2,0.099666667204,-0.9599253546417772
VSGE,D40S + V54E,2,0.066922369464,-1.1139473465176568
VSGI,D40S + V54I,2,0.584462358762,-0.22587563961467724
VSGK,D40S + V54K,2,0.0125369348731,-1.647105150322626
VSGL,D40S + V54L,2,1.24093884225,0.09723607778086689
VSGM,D40S + V54M,2,2.48158643313,0.3964759574433865
VSGN,D40S + V54N,2,1.08788143024,0.04055543941002823
VSGR,D40S + V54R,2,0.00490686277155,-1.8266137465111187
VSGS,D40S + V54S,2,0.993155249885,0.0013681503192887754
VSGV,D40S,1,2.16359335977,0.3371782986617424
VSGW,D40S + V54W,2,0.701406507847,-0.1478821662670311
VSGY,D40S + V54Y,2,0.191994019187,-0.6946614893283086
VSHV,D40S + G41H,2,0.00431627298915,-1.8441700288800285
VSIV,D40S + G41I,2,0.00426351854151,-1.8457733289952356
VSKV,D40S + G41K,2,0.00418447839406,-1.848186629889033
VSLV,D40S + G41L,2,0.0466833840519,-1.2465442298572647
VSMV,D40S + G41M,2,0.0252083334692,-1.4533545310859997
VSNV,D40S + G41N,2,0.0156714315525,-1.590549912473232
VSPV,D40S + G41P,2,0.0049207061905,-1.8262106214089702
VSQV,D40S + G41Q,2,0.00663104842285,-1.7790803719526809
VSRV,D40S + G41R,2,0.00591015277221,-1.7983256501579912
VSTV,D40S + G41T,2,0.00938848992171,-1.7124560147586974
VSVV,D40S + G41V,2,0.00909739882495,-1.7190257821188355
VSWV,D40S + G41W,2,0.00340476192312,-1.872740894951779
VSYV,D40S + G41Y,2,0.0732865794781,-1.0794249737212966
VTAV,D40T + G41A,2,0.0782302635797,-1.0543824233569896
VTCV,D40T + G41C,2,0.057403884282,-1.17131507566599
VTDV,D40T + G41D,2,0.0132620968457,-1.6333511405330758
VTEV,D40T + G41E,2,0.00642382815964,-1.7845256075798983
VTFV,D40T + G41F,2,0.0811509438338,-1.040238830029422
VTGA,D40T + V54A,2,0.636614818247,-0.1893543470347579
VTGC,D40T + V54C,2,1.27713217063,0.10962314521676868
VTGE,D40T + V54E,2,0.0264294644282,-1.438547213539505
VTGG,D40T + V54G,2,0.176249773884,-0.7299042458333107
VTGH,D40T + V54H,2,0.0550390469499,-1.1868258313043938
VTGI,D40T + V54I,2,0.27988404031,-0.5377756942555462
VTGL,D40T + V54L,2,0.617230144917,-0.20257307746566552
VTGM,D40T + V54M,2,1.04531782802,0.02338327495876926
VTGN,D40T + V54N,2,0.569250003069,-0.23713395523699457
VTGP,D40T + V54P,2,0.00738626888808,-1.7597936080591456
VTGS,D40T + V54S,2,0.371934580026,-0.4180110192003903
VTGV,D40T,1,1.16546536279,0.07020983637818469
VTGW,D40T + V54W,2,0.506098064744,-0.2872677694372709
VTGY,D40T + V54Y,2,0.0691308114509,-1.1016543807549715
VTIV,D40T + G41I,2,0.00366841939518,-1.864281703986677
VTLV,D40T + G41L,2,0.0103334830001,-1.6917882230263541
VTMV,D40T + G41M,2,0.00611013803719,-1.7929007383807147
VTNV,D40T + G41N,2,0.00634719301668,-1.7865568094882887
VTPV,D40T + G41P,2,0.00135016421089,-1.9449978551785674
VTQV,D40T + G41Q,2,0.0,-2.0
VTRV,D40T + G41R,2,0.00311458335013,-1.8822455023754776
VTTV,D40T + G41T,2,0.00250877194335,-1.9027853253510334
VTWV,D40T + G41W,2,0.00316859346602,-1.8804606094396834
VTYV,D40T + G41Y,2,0.0155630915666,-1.5923866243351412
VVAV,D40V + G41A,2,0.351898792644,-0.44141286576973143
VVCV,D40V + G41C,2,0.154680693903,-0.7833573117157893
VVDV,D40V + G41D,2,0.00405049263268,-1.8523084484347865
VVEV,D40V + G41E,2,0.0132088354126,-1.6343466512963796
VVFV,D40V + G41F,2,0.311076177546,-0.4933919159972493
VVGA,D40V + V54A,2,1.76143517681,0.24832526456148618
VVGC,D40V + V54C,2,1.97187732545,0.2970767689540137
VVGE,D40V + V54E,2,0.0808447246565,-1.0417002870581098
VVGF,D40V + V54F,2,1.43944506949,0.1612017612781715
VVGG,D40V + V54G,2,0.595833336546,-0.21764683288557174
VVGH,D40V + V54H,2,0.0685208337028,-1.1050150978824822
VVGI,D40V + V54I,2,0.593361262064,-0.21942257651420127
VVGK,D40V + V54K,2,0.00872876862456,-1.727490775595326
VVGL,D40V + V54L,2,0.972126389934,-0.007832619220357597
VVGM,D40V + V54M,2,1.30772740067,0.11982557669995195
VVGQ,D40V + V54Q,2,0.232875001256,-0.6146171841462573
VVGR,D40V + V54R,2,0.00512837840603,-1.8202076210221245
VVGS,D40V + V54S,2,0.951300041126,-0.017141039108090724
VVGT,D40V + V54T,2,0.921540571006,-0.030798225705653454
VVGW,D40V + V54W,2,0.305407144504,-0.5011284733929091
VVIV,D40V + G41I,2,0.00290958954152,-1.8890875658425461
VVKV,D40V + G41K,2,0.0,-2.0
VVLV,D40V + G41L,2,0.0338154763728,-1.3583724621870485
VVMV,D40V + G41M,2,0.017336596479,-1.5632555578882492
VVNV,D40V + G41N,2,0.00803763445194,-1.7438204186694544
VVPV,D40V + G41P,2,0.00179139434517,-1.9284348360747212
VVSV,D40V + G41S,2,0.0473037227593,-1.2418171630011419
VVVV,D40V + G41V,2,0.0131943837327,-1.6346171620563366
VVWV,D40V + G41W,2,0.00200060828329,-1.9207967400039603
VVYV,D40V + G41Y,2,0.0537148244102,-1.1957595094148552
VWGC,D40W + V54C,2,4.23915557841,0.6283026326211704
VWGE,D40W + V54E,2,0.211435715426,-0.6547523303340995
VWGF,D40W + V54F,2,5.3907325057,0.7324526675283103
VWGG,D40W + V54G,2,1.04380070007,0.022758482751133638
VWGH,D40W + V54H,2,0.547180758346,-0.25400388989424333
VWGK,D40W + V54K,2,0.0769356729294,-1.0608019798531543
VWGL,D40W + V54L,2,3.65924146762,0.5645762930053998
VWGN,D40W + V54N,2,2.42427215329,0.38636913102827375
VWGR,D40W + V54R,2,0.0221439279649,-1.4929010538562009
VWGT,D40W + V54T,2,1.09720069157,0.044226348377983435
VWGV,D40W,1,3.90146075608,0.5923389773013579
VWGW,D40W + V54W,2,2.35745297795,0.37428136185919897
VWHV,D40W + G41H,2,0.0102269901049,-1.6940687379947075
VWIV,D40W + G41I,2,0.00312982600926,-1.8817410289538525
VWKV,D40W + G41K,2,0.0,-2.0
VWLV,D40W + G41L,2,0.0414407437364,-1.2886927609570942
VWNV,D40W + G41N,2,0.0198518303251,-1.52502903553222
VWPV,D40W + G41P,2,0.0145899874044,-1.6092416937176057
VWQV,D40W + G41Q,2,0.0,-2.0
VWRV,D40W + G41R,2,0.00397222224364,-1.8547345150456374
VWSV,D40W + G41S,2,0.0359061137307,-1.3381294717025374
VWVV,D40W + G41V,2,0.00445993592148,-1.8398336315926156
VWWV,D40W + G41W,2,0.0104270833896,-1.6897936381755145
VYAV,D40Y + G41A,2,0.522347225039,-0.2738050054332824
VYDV,D40Y + G41D,2,0.0143875766305,-1.612831352957712
VYEV,D40Y + G41E,2,0.0205562501108,-1.5148999438172943
VYGA,D40Y + V54A,2,2.40599752993,0.3830964859348892
VYGC,D40Y + V54C,2,4.0264439679,0.6059989281805807
VYGE,D40Y + V54E,2,0.264968924627,-0.5607163848082822
VYGF,D40Y + V54F,2,3.29837038815,0.5196141249811681
VYGG,D40Y + V54G,2,1.26600397508,0.10585202732606838
VYGH,D40Y + V54H,2,0.442886685262,-0.3440104472619373
VYGI,D40Y + V54I,2,2.39628729362,0.38134747777740335
VYGK,D40Y + V54K,2,0.023982291796,-1.4687473352729399
VYGL,D40Y + V54L,2,3.32381892367,0.5229420074336298
VYGN,D40Y + V54N,2,3.91066389446,0.5933596132673348
VYGP,D40Y + V54P,2,0.0335123728153,-1.3613872331289507
VYGQ,D40Y + V54Q,2,0.717901283827,-0.13792751463774153
VYGR,D40Y + V54R,2,0.0101875149465,-1.6949171387802981
VYGT,D40Y + V54T,2,1.44747142077,0.16360004753151455
VYGV,D40Y,1,3.89146109067,0.5912272800477667
VYGW,D40Y + V54W,2,1.15684524433,0.0670132605096027
VYGY,D40Y + V54Y,2,0.217005076481,-0.643964430634921
VYIV,D40Y + G41I,2,0.00206077695347,-1.9186247141083055
VYKV,D40Y + G41K,2,0.00439705884724,-1.8417262201878568
VYLV,D40Y + G41L,2,0.0258926652702,-1.4449942912024785
VYMV,D40Y + G41M,2,0.018156940161,-1.5504145421220912
VYNV,D40Y + G41N,2,0.0217861112286,-1.4977626012222527
VYPV,D40Y + G41P,2,0.00974518523773,-1.7045387876125917
VYQV,D40Y + G41Q,2,0.0116631206303,-1.6642789819258714
VYTV,D40Y + G41T,2,0.00186451248171,-1.925750102440581
VYVV,D40Y + G41V,2,0.0152425335528,-1.5978670577963374
VYWV,D40Y + G41W,2,0.0113257576368,-1.671095530775369
WCGV,V39W + D40C,2,0.181107254063,-0.7187228276506911
WDAV,V39W + G41A,2,0.0414339706839,-1.2887499470080537
WDCV,V39W + G41C,2,0.83604462772,-0.07260672790500608
WDDV,V39W + G41D,2,0.00154461491127,-1.9376205490785294
WDEV,V39W + G41E,2,0.00201397240008,-1.9203133701002273
WDGA,V39W + V54A,2,0.320629977962,-0.480657771837668
WDGC,V39W + V54C,2,0.273848573925,-0.5469132833588046
WDGD,V39W + V54D,2,0.00945114947625,-1.7110547287114568
WDGF,V39W + V54F,2,0.351467085808,-0.441931242222144
WDGH,V39W + V54H,2,0.0687030699626,-1.1040083268300946
WDGI,V39W + V54I,2,0.00561303561487,-1.8065126496206951
WDGK,V39W + V54K,2,0.00247156305715,-1.9040791131169048
WDGM,V39W + V54M,2,0.308823019893,-0.49645032889582813
WDGN,V39W + V54N,2,0.0261301074459,-1.442130746898845
WDGQ,V39W + V54Q,2,0.0200686275592,-1.5218863942163685
WDGR,V39W + V54R,2,0.00370670762142,-1.8630668510867616
WDGS,V39W + V54S,2,0.819092111422,-0.0813972170250747
WDGT,V39W + V54T,2,0.681073983264,-0.16047545652830147
WDGW,V39W + V54W,2,0.196534918266,-0.6850065128781191
WDGY,V39W + V54Y,2,0.220150144865,-0.6379887474089366
WDHV,V39W + G41H,2,0.00218020834509,-1.9143452829388539
WDIV,V39W + G41I,2,0.00338374487421,-1.8734223506453953
WDKV,V39W + G41K,2,0.00330552765601,-1.875967897997254
WDMV,V39W + G41M,2,0.709840454009,-0.1427637502654982
WDNV,V39W + G41N,2,0.00152409639376,-1.938393117703064
WDPV,V39W + G41P,2,0.0030261566935,-1.8851837019401414
WDQV,V39W + G41Q,2,0.00130671434952,-1.9466635796176144
WDRV,V39W + G41R,2,0.00529442484205,-1.8154668503315141
WDSV,V39W + G41S,2,0.00543166092894,-1.811587327763609
WDTV,V39W + G41T,2,0.00165359478016,-1.9335400873098907
WDVV,V39W + G41V,2,0.036234268028,-1.3350360136471122
WDWV,V39W + G41W,2,0.0449698257964,-1.2598756393446584
WEGV,V39W + D40E,2,0.0157594286312,-1.5890637742729774
WFGV,V39W + D40F,2,0.208973203655,-0.6596090277023298
WGGV,V39W + D40G,2,0.028494200631,-1.4146046944828998
WHGV,V39W + D40H,2,0.124195636343,-0.8722616059477085
WIGV,V39W + D40I,2,0.100191486761,-0.9578519571678945
WLGV,V39W + D40L,2,0.0220667515559,-1.4939450329871464
WMGV,V39W + D40M,2,0.0328551867344,-1.3679966081909583
WNGV,V39W + D40N,2,0.0614482060287,-1.1460086713043258
WRGV,V39W + D40R,2,0.131160856296,-0.8502857158299224
WSGV,V39W + D40S,2,0.113208333944,-0.9093599150329622
WTGV,V39W + D40T,2,0.0450085530993,-1.2595697782324558
WVGV,V39W + D40V,2,0.103566692439,-0.944749022594865
WWGV,V39W + D40W,2,0.370586498508,-0.41954662258467695
WYGV,V39W + D40Y,2,0.381749687296,-0.40699134152350974
YAGV,V39Y + D40A,2,0.723732669989,-0.13446214321217237
YCGV,V39Y + D40C,2,0.686707698816,-0.15694939036275762
YDAV,V39Y + G41A,2,0.0109853040004,-1.6780847350662662
YDCV,V39Y + G41C,2,0.225333334548,-0.6283165514262594
YDDV,V39Y + G41D,2,0.00391547621159,-1.856501926769614
YDFV,V39Y + G41F,2,1.02365309391,0.014374808893970152
YDGA,V39Y + V54A,2,1.09149657451,0.04198315089784588
YDGE,V39Y + V54E,2,0.00192114487017,-1.9236820342835959
YDGF,V39Y + V54F,2,0.252341147194,-0.5811335866578103
YDGG,V39Y + V54G,2,0.0425002639422,-1.2798385131968457
YDGH,V39Y + V54H,2,0.0176827957943,-1.5577900508944111
YDGK,V39Y + V54K,2,0.00225892858361,-1.9115474850018777
YDGM,V39Y + V54M,2,0.441190265984,-0.34564027842860745
YDGN,V39Y + V54N,2,0.0426796433769,-1.2783571737248454
YDGP,V39Y + V54P,2,0.0128863774052,-1.6404229446534973
YDGQ,V39Y + V54Q,2,0.0171714860364,-1.5658866089225607
YDGR,V39Y + V54R,2,0.00266570882663,-1.8973705002374384
YDGS,V39Y + V54S,2,0.835986365771,-0.07263663615498842
YDGT,V39Y + V54T,2,0.407862105374,-0.37896701189820153
YDGY,V39Y + V54Y,2,0.0627627804504,-1.1380907137977492
YDHV,V39Y + G41H,2,0.00263541668088,-1.898410431684466
YDIV,V39Y + G41I,2,0.0,-2.0
YDKV,V39Y + G41K,2,0.0,-2.0
YDLV,V39Y + G41L,2,0.313435350137,-0.4902125152569892
YDMV,V39Y + G41M,2,0.0186682147549,-1.5425993508706046
YDNV,V39Y + G41N,2,0.00206077695347,-1.9186247141083055
YDPV,V39Y + G41P,2,0.00161225491065,-1.9350834391619656
YDQV,V39Y + G41Q,2,0.00160282651936,-1.9354362010980328
YDRV,V39Y + G41R,2,0.00112482900743,-1.953706655556047
YDSV,V39Y + G41S,2,0.00447981676511,-1.8392369338850822
YDVV,V39Y + G41V,2,0.00790625004263,-1.7469953553185769
YDWV,V39Y + G41W,2,0.0687253735049,-1.103885270218478
YDYV,V39Y + G41Y,2,0.00949206354324,-1.7101421815081905
YEGV,V39Y + D40E,2,0.135825835122,-0.8361655277535082
YFGV,V39Y + D40F,2,1.41598662318,0.15411545152821707
YGGV,V39Y + D40G,2,0.0766852754944,-1.0620546662448205
YHGV,V39Y + D40H,2,0.963043790503,-0.011867614463541882
YIGV,V39Y + D40I,2,0.699130330883,-0.1492739386088125
YKGV,V39Y + D40K,2,0.44063953726,-0.34617070772852787
YMGV,V39Y + D40M,2,0.238874401436,-0.6040197714782652
YPGV,V39Y + D40P,2,0.0140692550033,-1.6185373518921098
YQGV,V39Y + D40Q,2,0.284945289956,-0.5302585347803108
YRGV,V39Y + D40R,2,0.690871215846,-0.15436177573616358
YSGV,V39Y + D40S,2,0.552754330591,-0.24968115426695703
YTGV,V39Y + D40T,2,0.229568640062,-0.6205700324404544
YVGV,V39Y + D40V,2,0.736482430275,-0.12698040967293156
YWGV,V39Y + D40W,2,1.88074975452,0.2766340526827876
YYGV,V39Y + D40Y,2,2.40308762502,0.3825730924731119
