aa,name,tla,hydropathy,volume,charge,mw,polarity,aromatic,helix,sheet,flexibility
A,Alanine,Ala,1.8,88.6,0.0,89.09,nonpolar,False,1.42,0.83,0.36
C,Cysteine,Cys,2.5,108.5,0.0,121.16,polar,False,0.7,1.19,0.35
D,Aspartate,Asp,-3.5,111.1,-1.0,133.1,negative,False,1.01,0.54,0.51
E,Glutamate,Glu,-3.5,138.4,-1.0,147.13,negative,False,1.51,0.37,0.5
F,Phenylalanine,Phe,2.8,189.9,0.0,165.19,nonpolar,True,1.13,1.38,0.31
G,Glycine,Gly,-0.4,60.1,0.0,75.07,nonpolar,False,0.57,0.75,0.54
H,Histidine,His,-3.2,153.2,0.5,155.16,positive,True,1.0,0.87,0.32
I,Isoleucine,Ile,4.5,166.7,0.0,131.17,nonpolar,False,1.08,1.6,0.46
K,Lysine,Lys,-3.9,168.6,1.0,146.19,positive,False,1.16,0.74,0.47
L,Leucine,Leu,3.8,166.7,0.0,131.17,nonpolar,False,1.21,1.3,0.37
M,Methionine,Met,1.9,162.9,0.0,149.21,nonpolar,False,1.45,1.05,0.3
N,Asparagine,Asn,-3.5,114.1,0.0,132.12,polar,False,0.67,0.89,0.46
P,Proline,Pro,-1.6,112.7,0.0,115.13,nonpolar,False,0.57,0.55,0.51
Q,Glutamine,Gln,-3.5,143.8,0.0,146.15,polar,False,1.11,1.1,0.49
R,Arginine,Arg,-4.5,173.4,1.0,174.2,positive,False,0.98,0.93,0.53
S,Serine,Ser,-0.8,89.0,0.0,105.09,polar,False,0.77,0.75,0.51
T,Threonine,Thr,-0.7,116.1,0.0,119.12,polar,False,0.83,1.19,0.44
V,Valine,Val,4.2,140.0,0.0,117.15,nonpolar,False,1.06,1.7,0.39
W,Tryptophan,Trp,-0.9,227.8,0.0,204.23,nonpolar,True,1.08,1.37,0.31
Y,Tyrosine,Tyr,-1.3,193.6,0.0,181.19,polar,True,0.69,1.47,0.42
