round,strategy,n_measured,n_new,best_fitness,best_variant,batch_max_fitness,batch_mean_fitness,batch_median_fitness,n_above_wt,n_hits_in_batch,hit_rate,cum_hits,n_above_wt_in_batch,frac_above_wt_in_batch,n_dead_in_batch,batch_pred_mae,n_unique_p40,touch_pos39,touch_pos40,touch_pos41,touch_pos54,model_spearman,model_recall@100,improvement_over_start,backend,n_rejected,seed
0,Rule-Agent+KB,2168,0,5.3907325057,VWGF,,,,218,0,,0,0,,0,,0,0,0,0,0,0.48238374113282767,0.44,0.0,,,11
1,Rule-Agent+KB,2180,12,8.04515200416,FYAA,8.04515200416,4.068875421332583,3.717566528555,229,3,0.25,3,11,0.9166666666666666,0,1.674151320571634,4,10,7,8,12,0.48427544741223155,0.45,2.6544194984600002,offline,0.0,11
2,Rule-Agent+KB,2192,12,8.04515200416,FYAA,6.92825718021,4.009321186855833,4.26056198597,241,2,0.16666666666666666,5,12,1.0,0,0.866992744905929,5,11,12,8,12,0.47373866284838456,0.46,2.6544194984600002,offline,0.0,11
3,Rule-Agent+KB,2204,12,8.76196565571,FWAA,8.76196565571,4.3704774885783335,4.271047978215,253,1,0.08333333333333333,6,12,1.0,0,1.0979991644013076,6,10,10,9,12,0.48077184968613995,0.42,3.37123315001,offline,0.0,11
0,Rule-Agent+KB,2168,0,5.3907325057,VWGF,,,,218,0,,0,0,,0,,0,0,0,0,0,0.4792499807998502,0.45,0.0,,,22
1,Rule-Agent+KB,2180,12,8.04515200416,FYAA,8.04515200416,4.36711635116,4.200694235609999,230,3,0.25,3,12,1.0,0,1.34787519990929,4,9,9,7,12,0.46995165338002104,0.42,2.6544194984600002,offline,0.0,22
2,Rule-Agent+KB,2192,12,8.04515200416,FYAA,6.92825718021,3.9242364187991665,4.524382819375,241,2,0.16666666666666666,5,11,0.9166666666666666,0,0.9764624304485285,5,11,11,8,12,0.47836897140309526,0.45,2.6544194984600002,offline,0.0,22
3,Rule-Agent+KB,2204,12,8.76196565571,FWAA,8.76196565571,4.152213382363334,4.171926766675,253,2,0.16666666666666666,7,12,1.0,0,1.2480694391970377,6,11,9,10,12,0.4732334116317833,0.4,3.37123315001,offline,0.0,22
0,Rule-Agent+KB,2168,0,5.3907325057,VWGF,,,,218,0,,0,0,,0,,0,0,0,0,0,0.47850693389199184,0.43,0.0,,,33
1,Rule-Agent+KB,2180,12,5.77203220934,IWGF,5.77203220934,3.8139564313734162,4.00101742961,229,2,0.16666666666666666,2,11,0.9166666666666666,0,0.9530440754437794,4,10,8,6,12,0.4772668070528659,0.46,0.3812997036399999,offline,0.0,33
2,Rule-Agent+KB,2192,12,8.04515200416,FYAA,8.04515200416,3.9029758186164165,3.4242407665599996,240,1,0.08333333333333333,3,11,0.9166666666666666,0,1.0290358165242905,5,12,10,4,12,0.470355186685189,0.43,2.6544194984600002,offline,0.0,33
3,Rule-Agent+KB,2204,12,8.76196565571,FWAA,8.76196565571,4.464072246985,4.1963367922699994,252,2,0.16666666666666666,5,12,1.0,0,1.2240294980917898,5,11,11,9,12,0.4729848100967154,0.41,3.37123315001,offline,0.0,33
0,Rule-Agent+KB,2168,0,5.3907325057,VWGF,,,,218,0,,0,0,,0,,0,0,0,0,0,0.4721232263942086,0.4,0.0,,,44
1,Rule-Agent+KB,2180,12,8.04515200416,FYAA,8.04515200416,4.31857139681,4.1215479600950005,230,2,0.16666666666666666,2,12,1.0,0,1.140867807529876,4,10,9,6,12,0.4655348434940081,0.44,2.6544194984600002,offline,0.0,44
2,Rule-Agent+KB,2192,12,8.04515200416,FYAA,6.92825718021,4.290793135670083,4.803425304255001,241,4,0.3333333333333333,6,11,0.9166666666666666,0,1.1649088039261166,5,11,9,9,12,0.4744468137500474,0.44,2.6544194984600002,offline,0.0,44
3,Rule-Agent+KB,2204,12,8.76196565571,FWAA,8.76196565571,4.041687812489999,4.13217499383,253,1,0.08333333333333333,7,12,1.0,0,0.8877407804631443,5,10,12,9,12,0.46872450918334263,0.42,3.37123315001,offline,0.0,44
0,Rule-Agent+KB,2168,0,5.3907325057,VWGF,,,,218,0,,0,0,,0,,0,0,0,0,0,0.4856173667587159,0.45,0.0,,,55
1,Rule-Agent+KB,2180,12,8.04515200416,FYAA,8.04515200416,4.5465707930025,4.3290227925149996,230,3,0.25,3,12,1.0,0,1.4020775178894151,5,10,10,5,12,0.47424465233237095,0.45,2.6544194984600002,offline,0.0,55
2,Rule-Agent+KB,2192,12,8.76196565571,FWAA,8.76196565571,4.6704627963325,4.1556508788199995,242,3,0.25,6,12,1.0,0,1.003114357770811,6,11,9,10,12,0.47309456139759015,0.38,3.37123315001,offline,0.0,55
3,Rule-Agent+KB,2204,12,8.76196565571,FWAA,6.02748854644,3.7406229849842494,4.358114566135,253,1,0.08333333333333333,7,11,0.9166666666666666,0,1.0240112135612085,7,11,10,10,12,0.4644727691606663,0.42,3.37123315001,offline,0.0,55
0,Rule-Agent+KB,2168,0,5.3907325057,VWGF,,,,218,0,,0,0,,0,,0,0,0,0,0,0.4789613156015579,0.41,0.0,,,66
1,Rule-Agent+KB,2180,12,8.04515200416,FYAA,8.04515200416,4.387775056413333,4.051765325345,230,3,0.25,3,12,1.0,0,1.3336218743583501,4,10,9,7,12,0.4821144055700522,0.43,2.6544194984600002,offline,0.0,66
2,Rule-Agent+KB,2192,12,8.76196565571,FWAA,8.76196565571,4.765398524671666,4.380728045015,242,3,0.25,6,12,1.0,0,1.1713394355029674,6,12,11,10,12,0.4707177328944627,0.43,3.37123315001,offline,0.0,66
3,Rule-Agent+KB,2204,12,8.76196565571,FWAA,7.22866005298,4.587482184820833,5.05459563191,254,4,0.3333333333333333,10,12,1.0,0,1.436382275439561,5,11,11,8,12,0.4777623908003266,0.45,3.37123315001,offline,0.0,66
0,Rule-Agent+KB,2168,0,5.3907325057,VWGF,,,,218,0,,0,0,,0,,0,0,0,0,0,0.47403976486379407,0.48,0.0,,,77
1,Rule-Agent+KB,2180,12,8.76196565571,FWAA,8.76196565571,4.534005387384166,4.2990542586050005,230,3,0.25,3,12,1.0,0,1.2656707783769727,5,10,10,7,12,0.4743221574196069,0.47,3.37123315001,offline,0.0,77
2,Rule-Agent+KB,2192,12,8.76196565571,FWAA,8.04515200416,4.840024163520833,4.832697533925,242,5,0.4166666666666667,8,12,1.0,0,1.1859653604014306,5,12,9,10,12,0.4723409726482162,0.45,3.37123315001,offline,0.0,77
3,Rule-Agent+KB,2204,12,8.76196565571,FWAA,6.50002805229,3.8805609571204163,4.171926766675,253,3,0.25,11,11,0.9166666666666666,0,0.8659402815443208,5,11,12,10,12,0.4681623100229596,0.41,3.37123315001,offline,0.0,77
0,Rule-Agent+KB,2168,0,5.3907325057,VWGF,,,,218,0,,0,0,,0,,0,0,0,0,0,0.46623584329714446,0.41,0.0,,,88
1,Rule-Agent+KB,2180,12,5.77203220934,IWGF,5.77203220934,4.08622224765,4.1215479600950005,230,2,0.16666666666666666,2,12,1.0,0,0.8607362226574228,4,10,7,7,12,0.47453047975497775,0.4,0.3812997036399999,offline,0.0,88
2,Rule-Agent+KB,2192,12,8.76196565571,FWAA,8.76196565571,4.250910727005,3.8499454754749998,242,2,0.16666666666666666,4,12,1.0,0,1.3748337833143278,5,12,11,4,12,0.473973368823149,0.44,3.37123315001,offline,0.0,88
3,Rule-Agent+KB,2204,12,8.76196565571,FWAA,6.92825718021,4.371274468310832,4.19813150564,254,3,0.25,7,12,1.0,0,0.8111620890693669,7,12,11,10,12,0.4706415611861891,0.46,3.37123315001,offline,0.0,88
0,Rule-Agent+KB-static,2168,0,5.3907325057,VWGF,,,,218,0,,0,0,,0,,0,0,0,0,0,0.48238374113282767,0.44,0.0,,,11
1,Rule-Agent+KB-static,2180,12,8.76196565571,FWAA,8.76196565571,4.346620318028333,3.962948564915,230,3,0.25,3,12,1.0,0,1.281511062121054,4,11,11,3,12,0.47836826675115296,0.41,3.37123315001,offline,0.0,11
2,Rule-Agent+KB-static,2192,12,8.76196565571,FWAA,8.04515200416,4.924684990657499,4.832697533925,242,4,0.3333333333333333,7,12,1.0,0,0.9656438303592046,5,12,12,8,12,0.47741845609297967,0.41,3.37123315001,offline,0.0,11
3,Rule-Agent+KB-static,2204,12,8.76196565571,FWAA,6.04207763853,3.783612953609167,3.9277049379099997,254,2,0.16666666666666666,9,12,1.0,0,0.9516183535490098,4,12,12,9,12,0.47071633737258384,0.4,3.37123315001,offline,0.0,11
0,Rule-Agent+KB-static,2168,0,5.3907325057,VWGF,,,,218,0,,0,0,,0,,0,0,0,0,0,0.4792499807998502,0.45,0.0,,,22
1,Rule-Agent+KB-static,2180,12,8.76196565571,FWAA,8.76196565571,4.444691377827501,4.240206032085,230,3,0.25,3,12,1.0,0,1.5063519669229624,4,10,12,3,12,0.4783737770943255,0.43,3.37123315001,offline,0.0,22
2,Rule-Agent+KB-static,2192,12,8.76196565571,FWAA,8.04515200416,4.763644223299166,4.567898804365,242,3,0.25,6,12,1.0,0,0.8321509567350681,5,11,12,10,12,0.47567575289103614,0.43,3.37123315001,offline,0.0,22
3,Rule-Agent+KB-static,2204,12,8.76196565571,FWAA,6.92825718021,4.117239131151667,4.121516049525,254,2,0.16666666666666666,8,12,1.0,0,0.81343431429644,5,11,11,9,12,0.4733413037568047,0.46,3.37123315001,offline,0.0,22
0,Rule-Agent+KB-static,2168,0,5.3907325057,VWGF,,,,218,0,,0,0,,0,,0,0,0,0,0,0.47850693389199184,0.43,0.0,,,33
1,Rule-Agent+KB-static,2180,12,5.77203220934,IWGF,5.77203220934,3.8752220683883327,3.94105394059,230,2,0.16666666666666666,2,12,1.0,0,0.9003140741948327,4,11,11,2,12,0.47969465006170625,0.43,0.3812997036399999,offline,0.0,33
2,Rule-Agent+KB-static,2192,12,8.04515200416,FYAA,8.04515200416,3.881171681951417,3.4242407665599996,241,1,0.08333333333333333,3,11,0.9166666666666666,0,0.9083903417692722,4,12,12,3,12,0.4716656195848425,0.44,2.6544194984600002,offline,0.0,33
3,Rule-Agent+KB-static,2204,12,8.76196565571,FWAA,8.76196565571,4.0045872072552084,4.121516049525,251,2,0.16666666666666666,5,10,0.8333333333333334,1,1.2303369706082532,4,11,12,8,12,0.47714170102940345,0.39,3.37123315001,offline,0.0,33
0,Rule-Agent+KB-static,2168,0,5.3907325057,VWGF,,,,218,0,,0,0,,0,,0,0,0,0,0,0.4721232263942086,0.4,0.0,,,44
1,Rule-Agent+KB-static,2180,12,8.04515200416,FYAA,8.04515200416,4.238232859906334,4.27827489678,229,3,0.25,3,11,0.9166666666666666,0,1.3440406073888307,3,10,12,3,12,0.47657395188318263,0.45,2.6544194984600002,offline,0.0,44
2,Rule-Agent+KB-static,2192,12,8.76196565571,FWAA,8.76196565571,4.363655802456666,4.314598581145,241,2,0.16666666666666666,5,12,1.0,0,1.0178461924502822,6,11,11,9,12,0.4752449441817576,0.39,3.37123315001,offline,0.0,44
3,Rule-Agent+KB-static,2204,12,8.76196565571,FWAA,6.92825718021,3.9762121664791255,3.992754631465,252,3,0.25,8,11,0.9166666666666666,1,0.6182260403848409,5,11,12,7,12,0.46936856339992916,0.42,3.37123315001,offline,0.0,44
0,Rule-Agent+KB-static,2168,0,5.3907325057,VWGF,,,,218,0,,0,0,,0,,0,0,0,0,0,0.4856173667587159,0.45,0.0,,,55
1,Rule-Agent+KB-static,2180,12,8.76196565571,FWAA,8.76196565571,4.587273878353334,4.719011293475,230,3,0.25,3,12,1.0,0,1.5619503993988104,4,10,12,3,12,0.4840458805228599,0.44,3.37123315001,offline,0.0,55
2,Rule-Agent+KB-static,2192,12,8.76196565571,FWAA,8.04515200416,4.43794628188625,4.271047978215,241,4,0.3333333333333333,7,11,0.9166666666666666,0,0.8765444900310945,6,11,11,8,12,0.4805561044017631,0.43,3.37123315001,offline,0.0,55
3,Rule-Agent+KB-static,2204,12,8.76196565571,FWAA,6.92825718021,3.948555836759333,4.158379732795,251,3,0.25,10,10,0.8333333333333334,0,1.1138010336767097,4,10,12,8,12,0.47730349759422996,0.44,3.37123315001,offline,0.0,55
0,Rule-Agent+KB-static,2168,0,5.3907325057,VWGF,,,,218,0,,0,0,,0,,0,0,0,0,0,0.4789613156015579,0.41,0.0,,,66
1,Rule-Agent+KB-static,2180,12,8.76196565571,FWAA,8.76196565571,4.275698917841667,3.717566528555,230,2,0.16666666666666666,2,12,1.0,0,1.1725216866130797,4,11,11,4,12,0.4808627875142785,0.44,3.37123315001,offline,0.0,66
2,Rule-Agent+KB-static,2192,12,8.76196565571,FWAA,8.04515200416,4.823887847399166,4.832697533925,242,5,0.4166666666666667,7,12,1.0,0,0.7913510712699168,4,12,12,7,12,0.4793440821753387,0.43,3.37123315001,offline,0.0,66
3,Rule-Agent+KB-static,2204,12,8.76196565571,FWAA,6.04207763853,3.80050293209,3.6122408499349996,254,2,0.16666666666666666,9,12,1.0,0,0.9580799595095648,6,11,11,9,12,0.4747051647614206,0.39,3.37123315001,offline,0.0,66
0,Rule-Agent+KB-static,2168,0,5.3907325057,VWGF,,,,218,0,,0,0,,0,,0,0,0,0,0,0.47403976486379407,0.48,0.0,,,77
1,Rule-Agent+KB-static,2180,12,8.76196565571,FWAA,8.76196565571,4.351286533356666,3.962948564915,230,2,0.16666666666666666,2,12,1.0,0,1.0764540199144383,4,11,11,4,12,0.4716569051024705,0.46,3.37123315001,offline,0.0,77
2,Rule-Agent+KB-static,2192,12,8.76196565571,FWAA,8.04515200416,4.5701087582,4.430421499295,242,3,0.25,5,12,1.0,0,0.6858192887393244,4,11,12,8,12,0.4752768328108578,0.46,3.37123315001,offline,0.0,77
3,Rule-Agent+KB-static,2204,12,8.76196565571,FWAA,6.12380479492,4.309647751528334,4.33560881071,254,4,0.3333333333333333,9,12,1.0,0,0.7593768897335545,7,11,11,9,12,0.4707576985219608,0.45,3.37123315001,offline,0.0,77
0,Rule-Agent+KB-static,2168,0,5.3907325057,VWGF,,,,218,0,,0,0,,0,,0,0,0,0,0,0.46623584329714446,0.41,0.0,,,88
1,Rule-Agent+KB-static,2180,12,5.77203220934,IWGF,5.77203220934,4.184956265751667,4.1215479600950005,230,2,0.16666666666666666,2,12,1.0,0,0.7661257201242129,4,10,10,4,12,0.47757237194631297,0.43,0.3812997036399999,offline,0.0,88
2,Rule-Agent+KB-static,2192,12,8.76196565571,FWAA,8.76196565571,4.6032666011291665,4.211700296775,242,2,0.16666666666666666,4,12,1.0,0,1.1678373157243198,4,12,12,3,12,0.47589426489696457,0.43,3.37123315001,offline,0.0,88
3,Rule-Agent+KB-static,2204,12,8.76196565571,FWAA,6.92825718021,3.9897122930861673,4.19813150564,253,3,0.25,7,11,0.9166666666666666,0,0.8473002032061916,5,12,12,9,12,0.48208765164832984,0.43,3.37123315001,offline,0.0,88
