mut_a,mut_b,obs_fitness,epistasis,design_score,sign_epistasis,single_a_fitness,single_b_fitness
V39W,G41L,2.08698313362,3.7203430965458057,2.1817664856503964,True,0.010396949158399995,0.00977006063242
V39W,G41F,2.55275331409,3.216847644181604,2.017130625900646,True,0.010396949158399995,0.06702209372130001
G41L,V54G,3.14527339094,2.7667238486675503,1.8823989193030497,True,0.00977006063242,0.265820485664
G41F,V54G,2.65086706264,2.1021027125707135,1.4760745339543473,True,0.06702209372130001,0.265820485664
G41C,V54A,3.68714212514,1.581884324783446,1.3588083083875047,True,0.0607126195004,1.37294933339
G41A,V54A,4.15798312534,1.3675772744625838,1.3037145892246416,True,0.12057612672599997,1.37294933339
G41A,V54G,2.36785396466,1.8240162519509089,1.2881933049840233,True,0.12057612672599997,0.265820485664
G41C,V54G,1.91858334368,1.9994363408933291,1.2849565820792237,True,0.0607126195004,0.265820485664
G41M,V54G,1.08850238682,2.240689975875699,1.1611459928280874,True,0.013110316004899996,0.265820485664
G41Y,V54G,1.04866667232,2.213440598885458,1.1314795407972795,True,0.013714474065899996,0.265820485664
V39Y,G41F,1.02365309391,2.2181477905886724,1.1234487041883063,True,0.07202251319020002,0.06702209372130001
V39K,D40Y,2.45451415014,1.325384629732722,1.0544236308892923,False,0.020160655773400003,3.8914610906699996
G41L,V54T,1.11846429174,1.9647898760511966,1.0348827591747503,True,0.00977006063242,0.615188984875
V39H,D40Y,2.48716449617,1.2484882137392406,1.0216912585224862,False,0.0264798489707,3.8914610906699996
V39C,D40Y,4.07312564853,0.6222775673365697,0.9221315281819314,True,0.24223727788599997,3.8914610906699996
G41S,V54A,1.29241667363,1.6001525170592639,0.9148262059788969,False,0.013884300953499995,1.37294933339
D40Y,V54N,3.91066389446,0.6352157455925829,0.9109674860636262,True,3.8914610906699996,0.22509205994599998
V39R,D40Y,1.89300223243,1.2579347221228474,0.9084066588237261,False,0.017201864276499994,3.8914610906699996
D40H,V54M,4.77448984763,0.4190443999030779,0.88935783732654,True,3.08116580765,0.585648853727
G41M,V54A,1.19865778424,1.5820125739335433,0.8733096403879599,False,0.013110316004899996,1.37294933339
D40W,V54M,5.00280845609,0.3370731962700167,0.8686177082831809,True,3.9014607560800005,0.585648853727
V39T,D40Y,3.68614117634,0.5716677454903218,0.853582423749533,False,0.24655170145499994,3.8914610906699996
D40W,V54F,5.3907325057,0.22494474773818318,0.8449250413974019,True,3.9014607560800005,0.820788193905
V39F,D40Y,4.11276429473,0.4404586113590618,0.8354178118550675,True,0.377100728425,3.8914610906699996
G41A,V54M,1.5025639962,1.2931810400250185,0.8263042786153978,True,0.12057612672599997,0.585648853727
V39Y,D40Y,2.40308762502,0.8817341141617365,0.8234401495539801,False,0.07202251319020002,3.8914610906699996
D40F,V54N,3.09427593268,0.6386772098559177,0.8112989227699582,True,3.05454865106,0.22509205994599998
V39F,D40F,3.60057588419,0.48770734195215354,0.801430148056035,True,0.377100728425,3.05454865106
G41C,V54C,1.57597917516,1.2016314870940497,0.8011132240238964,True,0.0607126195004,1.41393590647
D40F,V54M,4.03362409223,0.3497353185047531,0.7816384346930242,True,3.05454865106,0.585648853727
V39T,D40W,3.25712986252,0.5169738944733168,0.7726533444776165,False,0.24655170145499994,3.9014607560800005
V39C,D40F,2.9257530725,0.5838651065892351,0.7596520773722593,False,0.24223727788599997,3.05454865106
D40W,V54L,3.65924146762,0.38496779355641003,0.7570601897836048,False,3.9014607560800005,0.380472898221
V39R,D40F,1.3816297533,1.226879889519904,0.7569636502306408,False,0.017201864276499994,3.05454865106
G41F,V54A,1.49954037846,1.1557445188184245,0.7567169937990197,True,0.06702209372130001,1.37294933339
V39K,D40F,1.38415205758,1.1828242174377013,0.735722252758091,False,0.020160655773400003,3.05454865106
V39R,D40H,1.33155411166,1.2072085981666112,0.7312124937367299,False,0.017201864276499994,3.08116580765
V39K,D40H,1.35925639455,1.1712430706621195,0.7221063131307466,False,0.020160655773400003,3.08116580765
V39T,D40F,2.69569021061,0.5410580245129284,0.7028070825947725,False,0.24655170145499994,3.05454865106
D40Y,V54L,3.32381892367,0.34444520523823124,0.6951646100527454,False,3.8914610906699996,0.380472898221
G41A,V54C,1.64119780001,0.9527662516096291,0.6941822271156954,True,0.12057612672599997,1.41393590647
V39H,D40F,1.34723972798,1.088558385237052,0.676935756080533,False,0.0264798489707,3.05454865106
V39F,D40W,3.18091081527,0.32807307392934154,0.6679512029640783,False,0.377100728425,3.9014607560800005
V39Y,D40W,1.88074975452,0.774683377117821,0.6639757412416981,False,0.07202251319020002,3.9014607560800005
V39S,D40Y,1.52173737853,0.9517559863385189,0.6610623036145058,False,0.03431210873610001,3.8914610906699996
D40Y,V54M,3.6085670094,0.19664040277033817,0.6568568207800719,False,3.8914610906699996,0.585648853727
V39H,D40W,1.38395741802,0.9941788721662237,0.641338943416552,False,0.0264798489707,3.9014607560800005
V39F,D40H,2.80379843854,0.37566806863423724,0.637127018615189,False,0.377100728425,3.08116580765
V39F,V54S,1.52023341215,0.8973107146267658,0.6334130377239365,True,0.377100728425,0.495759851542
V39A,D40Y,1.70408334252,0.7903388187300753,0.6292013438230364,False,0.06190965571419999,3.8914610906699996
V39K,D40W,1.24921399334,1.032641157707353,0.61642012010483,False,0.020160655773400003,3.9014607560800005
V39Q,D40Y,1.93381019561,0.6499303362691785,0.6136190238773159,False,0.102672417647,3.8914610906699996
V39E,D40H,1.28148537925,0.9946656123760813,0.6084223001298287,False,0.0327191845926,3.08116580765
D40F,V54L,2.66429713738,0.3535736169469951,0.6039964679272211,False,3.05454865106,0.380472898221
D40W,V54N,2.42427215329,0.42711356609993073,0.5999259140782391,False,3.9014607560800005,0.22509205994599998
V39C,D40W,2.46026283378,0.4029162898360878,0.5942013091847997,False,0.24223727788599997,3.9014607560800005
V39R,D40W,1.14263348335,1.0390749585443138,0.581228710709517,False,0.017201864276499994,3.9014607560800005
D40R,V54M,2.37353698727,0.3876312114689645,0.571037501348341,True,1.64547164894,0.585648853727
V39C,D40H,2.1520900954,0.4472635892430936,0.5585055818890756,False,0.24223727788599997,3.08116580765
D40H,V54L,2.44217062794,0.31215886311137575,0.5456301177098206,False,3.08116580765,0.380472898221
