variant,mut_label,n_mut,fitness
FWAA,V39F + D40W + G41A + V54A,4,8.76196565571
FYAA,V39F + D40Y + G41A + V54A,4,8.04515200416
ANCA,V39A + D40N + G41C + V54A,4,7.55686908836
FWCA,V39F + D40W + G41C + V54A,4,7.55466318627
FWLG,V39F + D40W + G41L + V54G,4,7.31265639682
WWCA,V39W + D40W + G41C + V54A,4,7.28233277004
LWCA,V39L + D40W + G41C + V54A,4,7.22866005298
YYAA,V39Y + D40Y + G41A + V54A,4,6.98133337097
FFAA,V39F + D40F + G41A + V54A,4,6.92825718021
WWLG,V39W + D40W + G41L + V54G,4,6.87794904259
WWLC,V39W + D40W + G41L + V54C,4,6.85754319766
WWLT,V39W + D40W + G41L + V54T,4,6.68972969433
FWAG,V39F + D40W + G41A + V54G,4,6.50947920176
FYAG,V39F + D40Y + G41A + V54G,4,6.50002805229
AYCA,V39A + D40Y + G41C + V54A,4,6.49577503502
LWLG,V39L + D40W + G41L + V54G,4,6.44246985704
AWCA,V39A + D40W + G41C + V54A,4,6.367166701
WWFG,V39W + D40W + G41F + V54G,4,6.34349747898
WWLA,V39W + D40W + G41L + V54A,4,6.29108287389
WWFV,V39W + D40W + G41F,3,6.27494649523
VAAA,D40A + G41A + V54A,3,6.2011354501
WWMA,V39W + D40W + G41M + V54A,4,6.14729765219
VWAA,D40W + G41A + V54A,3,6.12380479492
WYCA,V39W + D40Y + G41C + V54A,4,6.0442371447
IWAA,V39I + D40W + G41A + V54A,4,6.04207763853
LWAA,V39L + D40W + G41A + V54A,4,6.02748854644
IWCA,V39I + D40W + G41C + V54A,4,6.00762683594
YWCA,V39Y + D40W + G41C + V54A,4,5.97471878221
LRCA,V39L + D40R + G41C + V54A,4,5.89092667847
IAAA,V39I + D40A + G41A + V54A,4,5.86918643515
WWFA,V39W + D40W + G41F + V54A,4,5.84158330942
MWCA,V39M + D40W + G41C + V54A,4,5.8066548041
IWGF,V39I + D40W + V54F,3,5.77203220934
LNCA,V39L + D40N + G41C + V54A,4,5.73818058649
VACA,D40A + G41C + V54A,3,5.72674650354
FFAG,V39F + D40F + G41A + V54G,4,5.70387305914
YWAA,V39Y + D40W + G41A + V54A,4,5.67191277568
FHAA,V39F + D40H + G41A + V54A,4,5.6655453892
YWLG,V39Y + D40W + G41L + V54G,4,5.63126819058
FYCA,V39F + D40Y + G41C + V54A,4,5.61870836363
YFAA,V39Y + D40F + G41A + V54A,4,5.60091243146
WRFV,V39W + D40R + G41F,3,5.59337922227
ANLG,V39A + D40N + G41L + V54G,4,5.59130003015
LWCG,V39L + D40W + G41C + V54G,4,5.51568063525
IRAA,V39I + D40R + G41A + V54A,4,5.49647079356
FYGN,V39F + D40Y + V54N,3,5.49487553163
WRFG,V39W + D40R + G41F + V54G,4,5.48522622005
MNCA,V39M + D40N + G41C + V54A,4,5.48368201486
WSFA,V39W + D40S + G41F + V54A,4,5.467824696
VSAA,D40S + G41A + V54A,3,5.44604035341
